{
  "$schema": "https://ui.shadcn.com/schema/registry-item.json",
  "name": "dashboard",
  "type": "registry:block",
  "title": "Dashboard",
  "description": "A dashboard application with your brand themed components",
  "dependencies": [
    "lucide-react",
    "radix-ui",
    "clsx",
    "tailwind-merge",
    "class-variance-authority",
    "next-themes",
    "sonner",
    "tailwindcss",
    "tw-animate-css"
  ],
  "registryDependencies": [
    "https://registry-starter.vercel.app/r/sonner.json",
    "https://registry-starter.vercel.app/r/brand-header.json",
    "https://registry-starter.vercel.app/r/brand-sidebar.json",
    "https://registry-starter.vercel.app/r/theme.json"
  ],
  "files": [
    {
      "path": "src/layouts/shell-layout.tsx",
      "content": "import { Geist, Geist_Mono, Montserrat } from \"next/font/google\";\nimport React, { type ReactNode } from \"react\";\n\nimport { BrandHeader } from \"@/components/brand-header\";\nimport { BrandSidebar } from \"@/components/brand-sidebar\";\nimport { SidebarProvider } from \"@/components/ui/sidebar\";\nimport { Toaster } from \"@/components/ui/sonner\";\nimport { cn } from \"@/lib/utils\";\n\nimport \"@/app/globals.css\";\n\nconst GeistSans = Geist({\n  subsets: [\"latin\"],\n  variable: \"--font-sans\",\n});\n\nconst GeistMono = Geist_Mono({\n  subsets: [\"latin\"],\n  variable: \"--font-mono\",\n});\n\nconst MontserratSerif = Montserrat({\n  subsets: [\"latin\"],\n  variable: \"--font-serif\",\n});\n\nexport default function ShellLayout({\n  children,\n}: Readonly<{\n  children: ReactNode;\n}>) {\n  return (\n    <html\n      lang=\"en\"\n      className={cn(\n        GeistSans.variable,\n        GeistMono.variable,\n        MontserratSerif.variable,\n        \"bg-background text-foreground\",\n      )}\n    >\n      <body>\n        <SidebarProvider>\n          <BrandHeader />\n          <BrandSidebar />\n          <main className=\"mt-16 flex w-full justify-center\">\n            <div className=\"container\">{children}</div>\n          </main>\n          <Toaster />\n        </SidebarProvider>\n      </body>\n    </html>\n  );\n}\n",
      "type": "registry:file",
      "target": "app/layout.tsx"
    },
    {
      "path": "src/app/demo/[name]/blocks/dashboard-page.tsx",
      "content": "export default function DashboardPage() {\n  return (\n    <div className=\"flex min-h-[90vh] flex-col items-center justify-center gap-4 rounded-md bg-background\">\n      <div className=\"min-w-32 text-muted-foreground\">\n        To get started, click the open in v0 button!\n      </div>\n    </div>\n  );\n}\n",
      "type": "registry:page",
      "target": "app/page.tsx"
    },
    {
      "path": "src/components/brand-header.tsx",
      "content": "\"use client\";\n\nimport { HelpCircle, Menu, Search, X } from \"lucide-react\";\nimport Link from \"next/link\";\nimport { useState } from \"react\";\n\nimport { Avatar, AvatarFallback } from \"@/components/ui/avatar\";\nimport { Button } from \"@/components/ui/button\";\nimport { Input } from \"@/components/ui/input\";\nimport { useSidebar } from \"@/components/ui/sidebar\";\n\nimport { Logo } from \"./logo\";\n\nexport function BrandHeader() {\n  const [isSearchOpen, setIsSearchOpen] = useState(false);\n  const { state, toggleSidebar } = useSidebar();\n  const isCollapsed = state === \"collapsed\";\n\n  return (\n    <header className=\"fixed z-50 w-full border-border border-b bg-background\">\n      <div className=\"flex h-16 items-center justify-between px-2\">\n        <div className=\"flex items-center space-x-4\">\n          <Button\n            variant=\"ghost\"\n            size=\"icon\"\n            className=\"hidden size-8 md:flex\"\n            onClick={toggleSidebar}\n          >\n            {isCollapsed ? (\n              <Menu className=\"size-4\" />\n            ) : (\n              <X className=\"size-4\" />\n            )}\n          </Button>\n\n          <Button\n            variant=\"ghost\"\n            size=\"icon\"\n            className=\"size-8 md:hidden\"\n            onClick={toggleSidebar}\n          >\n            <Menu className=\"size-4\" />\n          </Button>\n\n          <Link href=\"/\" className=\"flex items-center\">\n            <Logo />\n          </Link>\n        </div>\n\n        <div className=\"hidden items-center space-x-1 md:flex\">\n          {isSearchOpen ? (\n            <div className=\"relative\">\n              <Input\n                type=\"text\"\n                placeholder=\"Search\"\n                className=\"h-9 w-64 pl-9\"\n                autoFocus\n                onBlur={() => setIsSearchOpen(false)}\n              />\n              <Search className=\"absolute top-2.5 left-3 size-4 text-foreground\" />\n            </div>\n          ) : (\n            <Button\n              variant=\"ghost\"\n              size=\"sm\"\n              className=\"text-foreground\"\n              onClick={() => setIsSearchOpen(true)}\n            >\n              <Search className=\"mr-2 size-4\" />\n              Search\n            </Button>\n          )}\n\n          <Button variant=\"ghost\" size=\"sm\" className=\"text-foreground\">\n            <HelpCircle className=\"mr-2 size-4\" />\n            Support\n          </Button>\n\n          <Button variant=\"ghost\" size=\"sm\" className=\"text-foreground\">\n            Upgrade Trial\n          </Button>\n\n          <Avatar className=\"size-8\">\n            <AvatarFallback className=\"bg-primary text-primary-foreground\">\n              <span className=\"text-xs\">ME</span>\n            </AvatarFallback>\n          </Avatar>\n        </div>\n\n        <div className=\"flex gap-2 md:hidden\">\n          <Button variant=\"ghost\" size=\"sm\" className=\"text-foreground\">\n            <Search className=\"h-5 w-5\" />\n          </Button>\n          <Avatar className=\"size-8\">\n            <AvatarFallback className=\"bg-primary text-primary-foreground\">\n              <span className=\"text-xs\">ME</span>\n            </AvatarFallback>\n          </Avatar>\n        </div>\n      </div>\n    </header>\n  );\n}\n",
      "type": "registry:component",
      "target": ""
    },
    {
      "path": "src/components/brand-sidebar.tsx",
      "content": "\"use client\";\n\nimport {\n  AlertTriangle,\n  BarChart2,\n  Clock,\n  Database,\n  Home,\n  LayoutGrid,\n  MessageSquareText,\n  MoreHorizontal,\n  Plus,\n  Table,\n} from \"lucide-react\";\nimport Link from \"next/link\";\nimport { usePathname } from \"next/navigation\";\nimport type * as React from \"react\";\n\nimport { Button } from \"@/components/ui/button\";\nimport {\n  Sidebar,\n  SidebarContent,\n  SidebarGroup,\n  SidebarGroupContent,\n  SidebarHeader,\n  SidebarMenu,\n  SidebarMenuBadge,\n  SidebarMenuButton,\n  SidebarMenuItem,\n  SidebarSeparator,\n  useSidebar,\n} from \"@/components/ui/sidebar\";\nimport { cn } from \"@/lib/utils\";\n\ninterface NavItem {\n  title: string;\n  href: string;\n  icon: React.ReactNode;\n  badge?: {\n    text: string;\n  };\n}\n\ninterface SidebarProps {\n  collapsed?: boolean;\n  onToggle?: () => void;\n  className?: string;\n}\n\nexport function BrandSidebar({\n  collapsed = false,\n  onToggle,\n  className,\n}: SidebarProps) {\n  const pathname = usePathname();\n  const { state } = useSidebar();\n  const isCollapsed = state === \"collapsed\";\n\n  const mainNavItems: NavItem[] = [\n    {\n      title: \"Home\",\n      href: \"#\",\n      icon: <Home className=\"size-4\" />,\n    },\n    {\n      title: \"Projects\",\n      href: \"#projects\",\n      icon: <LayoutGrid className=\"size-4\" />,\n    },\n    {\n      title: \"Databases\",\n      href: \"#databases\",\n      icon: <Database className=\"size-4\" />,\n    },\n    {\n      title: \"Tables\",\n      href: \"#tables\",\n      icon: <Table className=\"size-4\" />,\n      badge: {\n        text: \"Beta\",\n      },\n    },\n    {\n      title: \"AI\",\n      href: \"#ai\",\n      icon: <MessageSquareText className=\"size-4\" />,\n      badge: {\n        text: \"Alpha\",\n      },\n    },\n  ];\n\n  const toolsNavItems: NavItem[] = [\n    {\n      title: \"Alerts\",\n      href: \"#alerts\",\n      icon: <AlertTriangle className=\"size-4\" />,\n    },\n    {\n      title: \"Analytics\",\n      href: \"#analytics\",\n      icon: <BarChart2 className=\"size-4\" />,\n    },\n    {\n      title: \"History\",\n      href: \"#history\",\n      icon: <Clock className=\"size-4\" />,\n    },\n    {\n      title: \"More\",\n      href: \"#more\",\n      icon: <MoreHorizontal className=\"size-4\" />,\n    },\n  ];\n\n  return (\n    <Sidebar variant=\"sidebar\" collapsible=\"icon\" className=\"mt-16\">\n      <SidebarHeader>\n        <div className={cn(isCollapsed ? \"py-2\" : \"p-2\")}>\n          <Button className={cn(isCollapsed ? \"h-8 w-8 p-0\" : \"w-full\")}>\n            <Plus className={cn(\"size-4\", !isCollapsed && \"mr-1\")} />\n            {!isCollapsed && <span>Create</span>}\n          </Button>\n        </div>\n      </SidebarHeader>\n\n      <SidebarContent>\n        {/* Main Nav Items */}\n        <SidebarGroup>\n          <SidebarGroupContent>\n            <SidebarMenu>\n              {mainNavItems.map((item) => (\n                <SidebarMenuItem key={item.href}>\n                  <SidebarMenuButton\n                    asChild\n                    isActive={\n                      pathname === item.href ||\n                      (pathname === \"\" && item.href === \"/\")\n                    }\n                    tooltip={item.title}\n                  >\n                    <Link href={item.href}>\n                      {item.icon}\n                      <span>{item.title}</span>\n                    </Link>\n                  </SidebarMenuButton>\n                  {item.badge && (\n                    <SidebarMenuBadge>{item.badge.text}</SidebarMenuBadge>\n                  )}\n                </SidebarMenuItem>\n              ))}\n            </SidebarMenu>\n          </SidebarGroupContent>\n        </SidebarGroup>\n\n        <SidebarSeparator />\n\n        {/* Tools Nav Items */}\n        <SidebarGroup>\n          <SidebarGroupContent>\n            <SidebarMenu>\n              {toolsNavItems.map((item) => (\n                <SidebarMenuItem key={item.href}>\n                  <SidebarMenuButton\n                    asChild\n                    isActive={pathname === item.href}\n                    tooltip={item.title}\n                  >\n                    <Link href={item.href}>\n                      {item.icon}\n                      <span>{item.title}</span>\n                    </Link>\n                  </SidebarMenuButton>\n                  {item.badge && (\n                    <SidebarMenuBadge>{item.badge.text}</SidebarMenuBadge>\n                  )}\n                </SidebarMenuItem>\n              ))}\n            </SidebarMenu>\n          </SidebarGroupContent>\n        </SidebarGroup>\n      </SidebarContent>\n    </Sidebar>\n  );\n}\n",
      "type": "registry:component",
      "target": ""
    },
    {
      "path": "src/components/ui/sonner.tsx",
      "content": "\"use client\";\n\nimport { useTheme } from \"next-themes\";\nimport { Toaster as Sonner, type ToasterProps } from \"sonner\";\nimport { type CSSProperties } from \"react\";\n\nconst Toaster = ({ ...props }: ToasterProps) => {\n  const { theme = \"system\" } = useTheme();\n\n  return (\n    <Sonner\n      theme={theme as ToasterProps[\"theme\"]}\n      className=\"toaster group\"\n      toastOptions={{\n          classNames: {\n              description: \"!text-popover-foreground\",\n          },\n      }}\n      style={\n        {\n          \"--normal-bg\": \"var(--popover)\",\n          \"--normal-text\": \"var(--popover-foreground)\",\n          \"--normal-description\": \"var(--popover-foreground)\",\n          \"--normal-border\": \"var(--border)\",\n        } as CSSProperties\n      }\n      {...props}\n    />\n  );\n};\n\nexport { Toaster };\n",
      "type": "registry:ui",
      "target": ""
    },
    {
      "path": "src/app/globals.css",
      "content": "@import \"tailwindcss\";\n@import \"tw-animate-css\";\n\n@custom-variant dark (&:is(.dark *));\n\n:root {\n  /* Semantic tokens map to Catlife by default */\n  --background: var(--catlife-background);\n  --foreground: var(--catlife-text-primary);\n\n  --card: var(--catlife-surface);\n  --card-foreground: var(--catlife-text-primary);\n\n  --popover: var(--catlife-surface);\n  --popover-foreground: var(--catlife-text-primary);\n\n  --primary: var(--catlife-primary);\n  --primary-foreground: var(--catlife-text-inverse);\n\n  --secondary: var(--catlife-primary-light);\n  --secondary-foreground: var(--catlife-text-primary);\n\n  --muted: var(--catlife-background-alt);\n  --muted-foreground: var(--catlife-text-muted);\n\n  --accent: var(--catlife-primary-light);\n  --accent-foreground: var(--catlife-text-primary);\n\n  --destructive: #ef4444;\n  --destructive-foreground: #ffffff;\n\n  --border: var(--catlife-border);\n  --input: var(--catlife-border);\n  --ring: var(--catlife-primary);\n\n  /* Keep charts and sidebar as-is for now; can be themed later */\n  --chart-1: oklch(0.67 0.16 144.21);\n  --chart-2: oklch(0.58 0.14 144.18);\n  --chart-3: oklch(0.52 0.13 144.17);\n  --chart-4: oklch(0.43 0.12 144.31);\n  --chart-5: oklch(0.22 0.05 145.73);\n\n  --sidebar: oklch(0.94 0.01 74.42);\n  --sidebar-foreground: oklch(0.3 0.04 30.2);\n  --sidebar-primary: oklch(0.52 0.13 144.17);\n  --sidebar-primary-foreground: oklch(1.0 0 0);\n  --sidebar-accent: oklch(0.9 0.05 146.04);\n  --sidebar-accent-foreground: oklch(0.43 0.12 144.31);\n  --sidebar-border: oklch(0.88 0.02 74.64);\n  --sidebar-ring: oklch(0.52 0.13 144.17);\n\n  --radius: var(--catlife-radius);\n\n  /* Adding Catlife custom colors while preserving shadcn/ui defaults */\n\n  /* Catlife Primary Colors - Orange Family */\n  --catlife-primary: #f49834;\n  --catlife-primary-hover: #f99830;\n  --catlife-primary-active: #f27100;\n  --catlife-primary-light: #ffd094;\n  --catlife-primary-lightest: #ffeed6;\n\n  /* Catlife Background Colors */\n  --catlife-background: #fffaf4;\n  --catlife-background-alt: #fffaf3;\n  --catlife-surface: #ffffff;\n\n  /* Catlife Text Colors */\n  --catlife-text-primary: #161616;\n  --catlife-text-secondary: #1c1b1f;\n  --catlife-text-muted: #292625;\n  --catlife-text-inverse: #ffffff;\n  --catlife-text-variant-1: #151515;\n  --catlife-text-variant-2: #161617;\n\n  /* Catlife Accent Colors */\n  --catlife-accent-success: #10b981;\n\n  /* Catlife Border */\n  --catlife-border: #161616;\n  --catlife-radius: 1.5rem;\n\n  /* Added Catlife font token */\n  --catlife-font-primary: \"Roc Grotesk\", -apple-system, BlinkMacSystemFont, \"Segoe UI\", Roboto, sans-serif;\n}\n\n.dark {\n  --background: var(--catlife-background);\n  --foreground: var(--catlife-text-primary);\n\n  --card: var(--catlife-surface);\n  --card-foreground: var(--catlife-text-primary);\n\n  --popover: var(--catlife-surface);\n  --popover-foreground: var(--catlife-text-primary);\n\n  --primary: var(--catlife-primary);\n  --primary-foreground: var(--catlife-text-inverse);\n\n  --secondary: var(--catlife-primary-light);\n  --secondary-foreground: var(--catlife-text-primary);\n\n  --muted: var(--catlife-background-alt);\n  --muted-foreground: var(--catlife-text-muted);\n\n  --accent: var(--catlife-primary-light);\n  --accent-foreground: var(--catlife-text-primary);\n\n  --destructive: #ef4444;\n  --destructive-foreground: #ffffff;\n\n  --border: var(--catlife-border);\n  --input: var(--catlife-border);\n  --ring: var(--catlife-primary);\n\n  /* Keep chart/sidebar dark defaults */\n  --chart-1: oklch(0.72 0.16 144.21);\n  --chart-2: oklch(0.63 0.14 144.18);\n  --chart-3: oklch(0.58 0.15 144.17);\n  --chart-4: oklch(0.48 0.12 144.31);\n  --chart-5: oklch(0.35 0.08 145.73);\n\n  --sidebar: oklch(0.15 0.01 74.42);\n  --sidebar-foreground: oklch(0.95 0.02 80.72);\n  --sidebar-primary: oklch(0.58 0.15 144.17);\n  --sidebar-primary-foreground: oklch(0.09 0.01 80.72);\n  --sidebar-accent: oklch(0.22 0.04 146.04);\n  --sidebar-accent-foreground: oklch(0.65 0.12 144.31);\n  --sidebar-border: oklch(0.22 0.02 74.64);\n  --sidebar-ring: oklch(0.58 0.15 144.17);\n}\n\n/* Named themes for consumers */\n.theme-catlife,\n.catlife-theme {\n  --background: var(--catlife-background);\n  --foreground: var(--catlife-text-primary);\n  --card: var(--catlife-surface);\n  --card-foreground: var(--catlife-text-primary);\n  --popover: var(--catlife-surface);\n  --popover-foreground: var(--catlife-text-primary);\n\n  --primary: var(--catlife-primary);\n  --primary-foreground: var(--catlife-text-inverse);\n\n  --secondary: var(--catlife-primary-light);\n  --secondary-foreground: var(--catlife-text-primary);\n\n  --muted: var(--catlife-background-alt);\n  --muted-foreground: var(--catlife-text-muted);\n\n  --accent: var(--catlife-primary-light);\n  --accent-foreground: var(--catlife-text-primary);\n\n  --destructive: #ef4444;\n  --destructive-foreground: #ffffff;\n\n  --border: var(--catlife-border);\n  --input: var(--catlife-border);\n  --ring: var(--catlife-primary);\n\n  --radius: var(--catlife-radius);\n\n  font-family: var(--catlife-font-primary);\n}\n\n.theme-default {\n  /* Original shadcn defaults (light) */\n  --background: oklch(0.97 0.01 80.72);\n  --foreground: oklch(0.3 0.04 30.2);\n  --card: oklch(0.97 0.01 80.72);\n  --card-foreground: oklch(0.3 0.04 30.2);\n  --popover: oklch(0.97 0.01 80.72);\n  --popover-foreground: oklch(0.3 0.04 30.2);\n  --primary: oklch(0.52 0.13 144.17);\n  --primary-foreground: oklch(1.0 0 0);\n  --secondary: oklch(0.96 0.02 147.64);\n  --secondary-foreground: oklch(0.43 0.12 144.31);\n  --muted: oklch(0.94 0.01 74.42);\n  --muted-foreground: oklch(0.45 0.05 39.21);\n  --accent: oklch(0.9 0.05 146.04);\n  --accent-foreground: oklch(0.43 0.12 144.31);\n  --destructive: oklch(0.54 0.19 26.72);\n  --destructive-foreground: oklch(1.0 0 0);\n  --border: oklch(0.88 0.02 74.64);\n  --input: oklch(0.88 0.02 74.64);\n  --ring: oklch(0.52 0.13 144.17);\n}\n\n.dark.theme-default {\n  --background: oklch(0.15 0.01 74.42);\n  --foreground: oklch(0.95 0.02 80.72);\n  --card: oklch(0.12 0.01 80.72);\n  --card-foreground: oklch(0.95 0.02 80.72);\n  --popover: oklch(0.12 0.01 80.72);\n  --popover-foreground: oklch(0.95 0.02 80.72);\n  --primary: oklch(0.58 0.15 144.17);\n  --primary-foreground: oklch(0.09 0.01 80.72);\n  --secondary: oklch(0.15 0.02 147.64);\n  --secondary-foreground: oklch(0.65 0.12 144.31);\n  --muted: oklch(0.18 0.01 74.42);\n  --muted-foreground: oklch(0.65 0.03 74.42);\n  --accent: oklch(0.22 0.04 146.04);\n  --accent-foreground: oklch(0.65 0.12 144.31);\n  --destructive: oklch(0.62 0.22 26.72);\n  --destructive-foreground: oklch(0.95 0.02 80.72);\n  --border: oklch(0.22 0.02 74.64);\n  --input: oklch(0.22 0.02 74.64);\n  --ring: oklch(0.58 0.15 144.17);\n}\n\n@theme inline {\n  --color-background: var(--background);\n  --color-foreground: var(--foreground);\n\n  --color-primary: var(--primary);\n  --color-primary-foreground: var(--primary-foreground);\n\n  --color-secondary: var(--secondary);\n  --color-secondary-foreground: var(--secondary-foreground);\n  --color-accent: var(--accent);\n  --color-accent-foreground: var(--accent-foreground);\n\n  --color-muted: var(--muted);\n  --color-muted-foreground: var(--muted-foreground);\n  --color-card: var(--card);\n  --color-card-foreground: var(--card-foreground);\n  --color-popover: var(--popover);\n  --color-popover-foreground: var(--popover-foreground);\n\n  --color-border: var(--border);\n  --color-input: var(--input);\n  --color-ring: var(--ring);\n\n  --color-destructive: var(--destructive);\n  --color-destructive-foreground: var(--destructive-foreground);\n\n  --color-chart-1: var(--chart-1);\n  --color-chart-2: var(--chart-2);\n  --color-chart-3: var(--chart-3);\n  --color-chart-4: var(--chart-4);\n  --color-chart-5: var(--chart-5);\n\n  --color-sidebar: var(--sidebar);\n  --color-sidebar-foreground: var(--sidebar-foreground);\n  --color-sidebar-primary: var(--sidebar-primary);\n  --color-sidebar-primary-foreground: var(--sidebar-primary-foreground);\n  --color-sidebar-accent: var(--sidebar-accent);\n  --color-sidebar-accent-foreground: var(--sidebar-accent-foreground);\n  --color-sidebar-border: var(--sidebar-border);\n  --color-sidebar-ring: var(--sidebar-ring);\n\n  /* Catlife color tokens */\n  --color-catlife-primary: var(--catlife-primary);\n  --color-catlife-primary-hover: var(--catlife-primary-hover);\n  --color-catlife-primary-active: var(--catlife-primary-active);\n  --color-catlife-primary-light: var(--catlife-primary-light);\n  --color-catlife-primary-lightest: var(--catlife-primary-lightest);\n  --color-catlife-background: var(--catlife-background);\n  --color-catlife-background-alt: var(--catlife-background-alt);\n  --color-catlife-surface: var(--catlife-surface);\n  --color-catlife-text-primary: var(--catlife-text-primary);\n  --color-catlife-text-secondary: var(--catlife-text-secondary);\n  --color-catlife-text-muted: var(--catlife-text-muted);\n  --color-catlife-text-inverse: var(--catlife-text-inverse);\n  --color-catlife-text-variant-1: var(--catlife-text-variant-1);\n  --color-catlife-text-variant-2: var(--catlife-text-variant-2);\n  --color-catlife-accent-success: var(--catlife-accent-success);\n  --color-catlife-border: var(--catlife-border);\n\n  --font-sans: var(--font-sans);\n  --font-serif: var(--font-serif);\n  --font-mono: var(--font-mono);\n  --font-catlife-primary: var(--catlife-font-primary);\n\n  --radius-sm: calc(var(--radius) - 4px);\n  --radius-md: calc(var(--radius) - 2px);\n  --radius-lg: var(--radius);\n  --radius-xl: calc(var(--radius) + 4px);\n  --radius-catlife: var(--catlife-radius);\n\n  --shadow-2xs: var(--shadow-2xs);\n  --shadow-xs: var(--shadow-xs);\n  --shadow-sm: var(--shadow-sm);\n  --shadow: var(--shadow);\n  --shadow-md: var(--shadow-md);\n  --shadow-lg: var(--shadow-lg);\n  --shadow-xl: var(--shadow-xl);\n  --shadow-2xl: var(--shadow-2xl);\n}\n\n@layer base {\n  *,\n  ::after,\n  ::before,\n  ::backdrop,\n  ::file-selector-button {\n    border-color: var(--color-border, currentColor);\n  }\n}\n",
      "type": "registry:component",
      "target": ""
    },
    {
      "path": "src/components/ui/avatar.tsx",
      "content": "\"use client\";\n\nimport { Avatar as AvatarPrimitive } from \"radix-ui\";\nimport type * as React from \"react\";\n\nimport { cn } from \"@/lib/utils\";\n\nfunction Avatar({\n  className,\n  ...props\n}: React.ComponentProps<typeof AvatarPrimitive.Root>) {\n  return (\n    <AvatarPrimitive.Root\n      data-slot=\"avatar\"\n      className={cn(\n        \"relative flex size-8 shrink-0 overflow-hidden rounded-full\",\n        className,\n      )}\n      {...props}\n    />\n  );\n}\n\nfunction AvatarImage({\n  className,\n  ...props\n}: React.ComponentProps<typeof AvatarPrimitive.Image>) {\n  return (\n    <AvatarPrimitive.Image\n      data-slot=\"avatar-image\"\n      className={cn(\"aspect-square size-full\", className)}\n      {...props}\n    />\n  );\n}\n\nfunction AvatarFallback({\n  className,\n  ...props\n}: React.ComponentProps<typeof AvatarPrimitive.Fallback>) {\n  return (\n    <AvatarPrimitive.Fallback\n      data-slot=\"avatar-fallback\"\n      className={cn(\n        \"flex size-full items-center justify-center rounded-full bg-muted\",\n        className,\n      )}\n      {...props}\n    />\n  );\n}\n\nexport { Avatar, AvatarImage, AvatarFallback };\n",
      "type": "registry:ui",
      "target": ""
    },
    {
      "path": "src/components/ui/button.tsx",
      "content": "import { Slot as SlotPrimitive } from \"radix-ui\";\nimport { type VariantProps, cva } from \"class-variance-authority\";\nimport type * as React from \"react\";\n\nimport { cn } from \"@/lib/utils\";\n\nconst buttonVariants = cva(\n  \"inline-flex items-center justify-center gap-2 whitespace-nowrap rounded-md text-sm font-medium transition-all disabled:pointer-events-none disabled:opacity-50 [&_svg]:pointer-events-none [&_svg:not([class*='size-'])]:size-4 shrink-0 [&_svg]:shrink-0 outline-none focus-visible:border-ring focus-visible:ring-ring/50 focus-visible:ring-[3px] aria-invalid:ring-destructive/20 dark:aria-invalid:ring-destructive/40 aria-invalid:border-destructive\",\n  {\n    variants: {\n      variant: {\n        default:\n          \"bg-primary text-primary-foreground shadow-xs hover:bg-primary/90\",\n        destructive:\n          \"bg-destructive text-white shadow-xs hover:bg-destructive/90 focus-visible:ring-destructive/20 dark:focus-visible:ring-destructive/40 dark:bg-destructive/60\",\n        outline:\n          \"border bg-background shadow-xs hover:bg-accent hover:text-accent-foreground dark:bg-input/30 dark:border-input dark:hover:bg-input/50\",\n        secondary:\n          \"bg-secondary text-secondary-foreground shadow-xs hover:bg-secondary/80\",\n        ghost:\n          \"hover:bg-accent hover:text-accent-foreground dark:hover:bg-accent/50\",\n        link: \"text-primary underline-offset-4 hover:underline\",\n      },\n      size: {\n        default: \"h-9 px-4 py-2 has-[>svg]:px-3\",\n        sm: \"h-8 rounded-md gap-1.5 px-3 has-[>svg]:px-2.5\",\n        lg: \"h-10 rounded-md px-6 has-[>svg]:px-4\",\n        icon: \"size-9\",\n      },\n    },\n    defaultVariants: {\n      variant: \"default\",\n      size: \"default\",\n    },\n  },\n);\n\nfunction Button({\n  className,\n  variant,\n  size,\n  asChild = false,\n  ...props\n}: React.ComponentProps<\"button\"> &\n  VariantProps<typeof buttonVariants> & {\n    asChild?: boolean;\n  }) {\n  const Comp = asChild ? SlotPrimitive.Slot : \"button\";\n\n  return (\n    <Comp\n      data-slot=\"button\"\n      className={cn(buttonVariants({ variant, size, className }))}\n      {...props}\n    />\n  );\n}\n\nexport { Button, buttonVariants };\n",
      "type": "registry:ui",
      "target": ""
    },
    {
      "path": "src/components/ui/input.tsx",
      "content": "import type * as React from \"react\";\n\nimport { cn } from \"@/lib/utils\";\n\nfunction Input({ className, type, ...props }: React.ComponentProps<\"input\">) {\n  return (\n    <input\n      type={type}\n      data-slot=\"input\"\n      className={cn(\n        \"flex h-9 w-full min-w-0 rounded-md border border-input bg-transparent px-3 py-1 text-base shadow-xs outline-none transition-[color,box-shadow] selection:bg-primary selection:text-primary-foreground file:inline-flex file:h-7 file:border-0 file:bg-transparent file:font-medium file:text-foreground file:text-sm placeholder:text-muted-foreground disabled:pointer-events-none disabled:cursor-not-allowed disabled:opacity-50 md:text-sm dark:bg-input/30\",\n        \"focus-visible:border-ring focus-visible:ring-[3px] focus-visible:ring-ring/50\",\n        \"aria-invalid:border-destructive aria-invalid:ring-destructive/20 dark:aria-invalid:ring-destructive/40\",\n        className,\n      )}\n      {...props}\n    />\n  );\n}\n\nexport { Input };\n",
      "type": "registry:ui",
      "target": ""
    },
    {
      "path": "src/components/ui/sidebar.tsx",
      "content": "\"use client\";\n\nimport { Slot as SlotPrimitive } from \"radix-ui\";\nimport { type VariantProps, cva } from \"class-variance-authority\";\nimport { PanelLeftIcon } from \"lucide-react\";\nimport * as React from \"react\";\n\nimport { Button } from \"@/components/ui/button\";\nimport { Input } from \"@/components/ui/input\";\nimport { Separator } from \"@/components/ui/separator\";\nimport {\n  Sheet,\n  SheetContent,\n  SheetDescription,\n  SheetHeader,\n  SheetTitle,\n} from \"@/components/ui/sheet\";\nimport { Skeleton } from \"@/components/ui/skeleton\";\nimport {\n  Tooltip,\n  TooltipContent,\n  TooltipProvider,\n  TooltipTrigger,\n} from \"@/components/ui/tooltip\";\nimport { useIsMobile } from \"@/hooks/use-mobile\";\nimport { cn } from \"@/lib/utils\";\n\nconst SIDEBAR_COOKIE_NAME = \"sidebar_state\";\nconst SIDEBAR_COOKIE_MAX_AGE = 60 * 60 * 24 * 7;\nconst SIDEBAR_WIDTH = \"16rem\";\nconst SIDEBAR_WIDTH_MOBILE = \"18rem\";\nconst SIDEBAR_WIDTH_ICON = \"3rem\";\nconst SIDEBAR_KEYBOARD_SHORTCUT = \"b\";\n\ntype SidebarContextProps = {\n  state: \"expanded\" | \"collapsed\";\n  open: boolean;\n  setOpen: (open: boolean) => void;\n  openMobile: boolean;\n  setOpenMobile: (open: boolean) => void;\n  isMobile: boolean;\n  toggleSidebar: () => void;\n};\n\nconst SidebarContext = React.createContext<SidebarContextProps | null>(null);\n\nfunction useSidebar() {\n  const context = React.useContext(SidebarContext);\n  if (!context) {\n    throw new Error(\"useSidebar must be used within a SidebarProvider.\");\n  }\n\n  return context;\n}\n\nfunction SidebarProvider({\n  defaultOpen = true,\n  open: openProp,\n  onOpenChange: setOpenProp,\n  className,\n  style,\n  children,\n  ...props\n}: React.ComponentProps<\"div\"> & {\n  defaultOpen?: boolean;\n  open?: boolean;\n  onOpenChange?: (open: boolean) => void;\n}) {\n  const isMobile = useIsMobile();\n  const [openMobile, setOpenMobile] = React.useState(false);\n\n  // This is the internal state of the sidebar.\n  // We use openProp and setOpenProp for control from outside the component.\n  const [_open, _setOpen] = React.useState(defaultOpen);\n  const open = openProp ?? _open;\n  const setOpen = React.useCallback(\n    (value: boolean | ((value: boolean) => boolean)) => {\n      const openState = typeof value === \"function\" ? value(open) : value;\n      if (setOpenProp) {\n        setOpenProp(openState);\n      } else {\n        _setOpen(openState);\n      }\n\n      // This sets the cookie to keep the sidebar state.\n      document.cookie = `${SIDEBAR_COOKIE_NAME}=${openState}; path=/; max-age=${SIDEBAR_COOKIE_MAX_AGE}`;\n    },\n    [setOpenProp, open],\n  );\n\n  // Helper to toggle the sidebar.\n  const toggleSidebar = React.useCallback(() => {\n    return isMobile ? setOpenMobile((open) => !open) : setOpen((open) => !open);\n  }, [isMobile, setOpen]);\n\n  // Adds a keyboard shortcut to toggle the sidebar.\n  React.useEffect(() => {\n    const handleKeyDown = (event: KeyboardEvent) => {\n      if (\n        event.key === SIDEBAR_KEYBOARD_SHORTCUT &&\n        (event.metaKey || event.ctrlKey)\n      ) {\n        event.preventDefault();\n        toggleSidebar();\n      }\n    };\n\n    window.addEventListener(\"keydown\", handleKeyDown);\n    return () => window.removeEventListener(\"keydown\", handleKeyDown);\n  }, [toggleSidebar]);\n\n  // We add a state so that we can do data-state=\"expanded\" or \"collapsed\".\n  // This makes it easier to style the sidebar with Tailwind classes.\n  const state = open ? \"expanded\" : \"collapsed\";\n\n  const contextValue = React.useMemo<SidebarContextProps>(\n    () => ({\n      state,\n      open,\n      setOpen,\n      isMobile,\n      openMobile,\n      setOpenMobile,\n      toggleSidebar,\n    }),\n    [state, open, setOpen, isMobile, openMobile, toggleSidebar],\n  );\n\n  return (\n    <SidebarContext.Provider value={contextValue}>\n      <TooltipProvider delayDuration={0}>\n        <div\n          data-slot=\"sidebar-wrapper\"\n          style={\n            {\n              \"--sidebar-width\": SIDEBAR_WIDTH,\n              \"--sidebar-width-icon\": SIDEBAR_WIDTH_ICON,\n              ...style,\n            } as React.CSSProperties\n          }\n          className={cn(\n            \"group/sidebar-wrapper flex min-h-svh w-full has-data-[variant=inset]:bg-sidebar\",\n            className,\n          )}\n          {...props}\n        >\n          {children}\n        </div>\n      </TooltipProvider>\n    </SidebarContext.Provider>\n  );\n}\n\nfunction Sidebar({\n  side = \"left\",\n  variant = \"sidebar\",\n  collapsible = \"offcanvas\",\n  className,\n  children,\n  ...props\n}: React.ComponentProps<\"div\"> & {\n  side?: \"left\" | \"right\";\n  variant?: \"sidebar\" | \"floating\" | \"inset\";\n  collapsible?: \"offcanvas\" | \"icon\" | \"none\";\n}) {\n  const { isMobile, state, openMobile, setOpenMobile } = useSidebar();\n\n  if (collapsible === \"none\") {\n    return (\n      <div\n        data-slot=\"sidebar\"\n        className={cn(\n          \"flex h-full w-(--sidebar-width) flex-col bg-sidebar text-sidebar-foreground\",\n          className,\n        )}\n        {...props}\n      >\n        {children}\n      </div>\n    );\n  }\n\n  if (isMobile) {\n    return (\n      <Sheet open={openMobile} onOpenChange={setOpenMobile} {...props}>\n        <SheetContent\n          data-sidebar=\"sidebar\"\n          data-slot=\"sidebar\"\n          data-mobile=\"true\"\n          className=\"w-(--sidebar-width) bg-sidebar p-0 text-sidebar-foreground [&>button]:hidden\"\n          style={\n            {\n              \"--sidebar-width\": SIDEBAR_WIDTH_MOBILE,\n            } as React.CSSProperties\n          }\n          side={side}\n        >\n          <SheetHeader className=\"sr-only\">\n            <SheetTitle>Sidebar</SheetTitle>\n            <SheetDescription>Displays the mobile sidebar.</SheetDescription>\n          </SheetHeader>\n          <div className=\"flex h-full w-full flex-col\">{children}</div>\n        </SheetContent>\n      </Sheet>\n    );\n  }\n\n  return (\n    <div\n      className=\"group peer hidden text-sidebar-foreground md:block\"\n      data-state={state}\n      data-collapsible={state === \"collapsed\" ? collapsible : \"\"}\n      data-variant={variant}\n      data-side={side}\n      data-slot=\"sidebar\"\n    >\n      {/* This is what handles the sidebar gap on desktop */}\n      <div\n        data-slot=\"sidebar-gap\"\n        className={cn(\n          \"relative w-(--sidebar-width) bg-transparent transition-[width] duration-200 ease-linear\",\n          \"group-data-[collapsible=offcanvas]:w-0\",\n          \"group-data-[side=right]:rotate-180\",\n          variant === \"floating\" || variant === \"inset\"\n            ? \"group-data-[collapsible=icon]:w-[calc(var(--sidebar-width-icon)+(--spacing(4)))]\"\n            : \"group-data-[collapsible=icon]:w-(--sidebar-width-icon)\",\n        )}\n      />\n      <div\n        data-slot=\"sidebar-container\"\n        className={cn(\n          \"fixed inset-y-0 z-10 hidden h-svh w-(--sidebar-width) transition-[left,right,width] duration-200 ease-linear md:flex\",\n          side === \"left\"\n            ? \"left-0 group-data-[collapsible=offcanvas]:left-[calc(var(--sidebar-width)*-1)]\"\n            : \"right-0 group-data-[collapsible=offcanvas]:right-[calc(var(--sidebar-width)*-1)]\",\n          // Adjust the padding for floating and inset variants.\n          variant === \"floating\" || variant === \"inset\"\n            ? \"p-2 group-data-[collapsible=icon]:w-[calc(var(--sidebar-width-icon)+(--spacing(4))+2px)]\"\n            : \"group-data-[collapsible=icon]:w-(--sidebar-width-icon) group-data-[side=left]:border-r group-data-[side=right]:border-l\",\n          className,\n        )}\n        {...props}\n      >\n        <div\n          data-sidebar=\"sidebar\"\n          data-slot=\"sidebar-inner\"\n          className=\"flex h-full w-full flex-col bg-sidebar group-data-[variant=floating]:rounded-lg group-data-[variant=floating]:border group-data-[variant=floating]:border-sidebar-border group-data-[variant=floating]:shadow-sm\"\n        >\n          {children}\n        </div>\n      </div>\n    </div>\n  );\n}\n\nfunction SidebarTrigger({\n  className,\n  onClick,\n  ...props\n}: React.ComponentProps<typeof Button>) {\n  const { toggleSidebar } = useSidebar();\n\n  return (\n    <Button\n      data-sidebar=\"trigger\"\n      data-slot=\"sidebar-trigger\"\n      variant=\"ghost\"\n      size=\"icon\"\n      className={cn(\"size-7\", className)}\n      onClick={(event) => {\n        onClick?.(event);\n        toggleSidebar();\n      }}\n      {...props}\n    >\n      <PanelLeftIcon />\n      <span className=\"sr-only\">Toggle Sidebar</span>\n    </Button>\n  );\n}\n\nfunction SidebarRail({ className, ...props }: React.ComponentProps<\"button\">) {\n  const { toggleSidebar } = useSidebar();\n\n  return (\n    <button\n      data-sidebar=\"rail\"\n      data-slot=\"sidebar-rail\"\n      aria-label=\"Toggle Sidebar\"\n      tabIndex={-1}\n      onClick={toggleSidebar}\n      title=\"Toggle Sidebar\"\n      className={cn(\n        \"-translate-x-1/2 group-data-[side=left]:-right-4 absolute inset-y-0 z-20 hidden w-4 transition-all ease-linear after:absolute after:inset-y-0 after:left-1/2 after:w-[2px] hover:after:bg-sidebar-border group-data-[side=right]:left-0 sm:flex\",\n        \"in-data-[side=left]:cursor-w-resize in-data-[side=right]:cursor-e-resize\",\n        \"[[data-side=left][data-state=collapsed]_&]:cursor-e-resize [[data-side=right][data-state=collapsed]_&]:cursor-w-resize\",\n        \"group-data-[collapsible=offcanvas]:translate-x-0 hover:group-data-[collapsible=offcanvas]:bg-sidebar group-data-[collapsible=offcanvas]:after:left-full\",\n        \"[[data-side=left][data-collapsible=offcanvas]_&]:-right-2\",\n        \"[[data-side=right][data-collapsible=offcanvas]_&]:-left-2\",\n        className,\n      )}\n      {...props}\n    />\n  );\n}\n\nfunction SidebarInset({ className, ...props }: React.ComponentProps<\"main\">) {\n  return (\n    <main\n      data-slot=\"sidebar-inset\"\n      className={cn(\n        \"relative flex w-full flex-1 flex-col bg-background\",\n        \"md:peer-data-[variant=inset]:peer-data-[state=collapsed]:ml-2 md:peer-data-[variant=inset]:m-2 md:peer-data-[variant=inset]:ml-0 md:peer-data-[variant=inset]:rounded-xl md:peer-data-[variant=inset]:shadow-sm\",\n        className,\n      )}\n      {...props}\n    />\n  );\n}\n\nfunction SidebarInput({\n  className,\n  ...props\n}: React.ComponentProps<typeof Input>) {\n  return (\n    <Input\n      data-slot=\"sidebar-input\"\n      data-sidebar=\"input\"\n      className={cn(\"h-8 w-full bg-background shadow-none\", className)}\n      {...props}\n    />\n  );\n}\n\nfunction SidebarHeader({ className, ...props }: React.ComponentProps<\"div\">) {\n  return (\n    <div\n      data-slot=\"sidebar-header\"\n      data-sidebar=\"header\"\n      className={cn(\"flex flex-col gap-2 p-2\", className)}\n      {...props}\n    />\n  );\n}\n\nfunction SidebarFooter({ className, ...props }: React.ComponentProps<\"div\">) {\n  return (\n    <div\n      data-slot=\"sidebar-footer\"\n      data-sidebar=\"footer\"\n      className={cn(\"flex flex-col gap-2 p-2\", className)}\n      {...props}\n    />\n  );\n}\n\nfunction SidebarSeparator({\n  className,\n  ...props\n}: React.ComponentProps<typeof Separator>) {\n  return (\n    <Separator\n      data-slot=\"sidebar-separator\"\n      data-sidebar=\"separator\"\n      className={cn(\"mx-2 w-auto border-sidebar-border\", className)}\n      {...props}\n    />\n  );\n}\n\nfunction SidebarContent({ className, ...props }: React.ComponentProps<\"div\">) {\n  return (\n    <div\n      data-slot=\"sidebar-content\"\n      data-sidebar=\"content\"\n      className={cn(\n        \"flex min-h-0 flex-1 flex-col gap-2 overflow-auto group-data-[collapsible=icon]:overflow-hidden\",\n        className,\n      )}\n      {...props}\n    />\n  );\n}\n\nfunction SidebarGroup({ className, ...props }: React.ComponentProps<\"div\">) {\n  return (\n    <div\n      data-slot=\"sidebar-group\"\n      data-sidebar=\"group\"\n      className={cn(\"relative flex w-full min-w-0 flex-col p-2\", className)}\n      {...props}\n    />\n  );\n}\n\nfunction SidebarGroupLabel({\n  className,\n  asChild = false,\n  ...props\n}: React.ComponentProps<\"div\"> & { asChild?: boolean }) {\n  const Comp = asChild ? SlotPrimitive.Slot : \"div\";\n\n  return (\n    <Comp\n      data-slot=\"sidebar-group-label\"\n      data-sidebar=\"group-label\"\n      className={cn(\n        \"flex h-8 shrink-0 items-center rounded-md px-2 font-medium text-sidebar-foreground/70 text-xs outline-hidden ring-sidebar-ring transition-[margin,opacity] duration-200 ease-linear focus-visible:ring-2 [&>svg]:size-4 [&>svg]:shrink-0\",\n        \"group-data-[collapsible=icon]:-mt-8 group-data-[collapsible=icon]:opacity-0\",\n        className,\n      )}\n      {...props}\n    />\n  );\n}\n\nfunction SidebarGroupAction({\n  className,\n  asChild = false,\n  ...props\n}: React.ComponentProps<\"button\"> & { asChild?: boolean }) {\n  const Comp = asChild ? SlotPrimitive.Slot : \"button\";\n\n  return (\n    <Comp\n      data-slot=\"sidebar-group-action\"\n      data-sidebar=\"group-action\"\n      className={cn(\n        \"absolute top-3.5 right-3 flex aspect-square w-5 items-center justify-center rounded-md p-0 text-sidebar-foreground outline-hidden ring-sidebar-ring transition-transform hover:bg-sidebar-accent hover:text-sidebar-accent-foreground focus-visible:ring-2 [&>svg]:size-4 [&>svg]:shrink-0\",\n        // Increases the hit area of the button on mobile.\n        \"after:-inset-2 after:absolute md:after:hidden\",\n        \"group-data-[collapsible=icon]:hidden\",\n        className,\n      )}\n      {...props}\n    />\n  );\n}\n\nfunction SidebarGroupContent({\n  className,\n  ...props\n}: React.ComponentProps<\"div\">) {\n  return (\n    <div\n      data-slot=\"sidebar-group-content\"\n      data-sidebar=\"group-content\"\n      className={cn(\"w-full text-sm\", className)}\n      {...props}\n    />\n  );\n}\n\nfunction SidebarMenu({ className, ...props }: React.ComponentProps<\"ul\">) {\n  return (\n    <ul\n      data-slot=\"sidebar-menu\"\n      data-sidebar=\"menu\"\n      className={cn(\"flex w-full min-w-0 flex-col gap-1\", className)}\n      {...props}\n    />\n  );\n}\n\nfunction SidebarMenuItem({ className, ...props }: React.ComponentProps<\"li\">) {\n  return (\n    <li\n      data-slot=\"sidebar-menu-item\"\n      data-sidebar=\"menu-item\"\n      className={cn(\"group/menu-item relative\", className)}\n      {...props}\n    />\n  );\n}\n\nconst sidebarMenuButtonVariants = cva(\n  \"peer/menu-button flex w-full items-center gap-2 overflow-hidden rounded-md p-2 text-left text-sm outline-hidden ring-sidebar-ring transition-[width,height,padding] hover:bg-sidebar-accent hover:text-sidebar-accent-foreground focus-visible:ring-2 active:bg-sidebar-accent active:text-sidebar-accent-foreground disabled:pointer-events-none disabled:opacity-50 group-has-data-[sidebar=menu-action]/menu-item:pr-8 aria-disabled:pointer-events-none aria-disabled:opacity-50 data-[active=true]:bg-sidebar-accent data-[active=true]:font-medium data-[active=true]:text-sidebar-accent-foreground data-[state=open]:hover:bg-sidebar-accent data-[state=open]:hover:text-sidebar-accent-foreground group-data-[collapsible=icon]:size-8! group-data-[collapsible=icon]:p-2! [&>span:last-child]:truncate [&>svg]:size-4 [&>svg]:shrink-0\",\n  {\n    variants: {\n      variant: {\n        default: \"hover:bg-sidebar-accent hover:text-sidebar-accent-foreground\",\n        outline:\n          \"bg-background shadow-[0_0_0_1px_hsl(var(--sidebar-border))] hover:bg-sidebar-accent hover:text-sidebar-accent-foreground hover:shadow-[0_0_0_1px_hsl(var(--sidebar-accent))]\",\n      },\n      size: {\n        default: \"h-8 text-sm\",\n        sm: \"h-7 text-xs\",\n        lg: \"h-12 text-sm group-data-[collapsible=icon]:p-0!\",\n      },\n    },\n    defaultVariants: {\n      variant: \"default\",\n      size: \"default\",\n    },\n  },\n);\n\nfunction SidebarMenuButton({\n  asChild = false,\n  isActive = false,\n  variant = \"default\",\n  size = \"default\",\n  tooltip,\n  className,\n  ...props\n}: React.ComponentProps<\"button\"> & {\n  asChild?: boolean;\n  isActive?: boolean;\n  tooltip?: string | React.ComponentProps<typeof TooltipContent>;\n} & VariantProps<typeof sidebarMenuButtonVariants>) {\n  const Comp = asChild ? SlotPrimitive.Slot : \"button\";\n  const { isMobile, state } = useSidebar();\n\n  const button = (\n    <Comp\n      data-slot=\"sidebar-menu-button\"\n      data-sidebar=\"menu-button\"\n      data-size={size}\n      data-active={isActive}\n      className={cn(sidebarMenuButtonVariants({ variant, size }), className)}\n      {...props}\n    />\n  );\n\n  if (!tooltip) {\n    return button;\n  }\n\n  if (typeof tooltip === \"string\") {\n    tooltip = {\n      children: tooltip,\n    };\n  }\n\n  return (\n    <Tooltip>\n      <TooltipTrigger asChild>{button}</TooltipTrigger>\n      <TooltipContent\n        side=\"right\"\n        align=\"center\"\n        hidden={state !== \"collapsed\" || isMobile}\n        {...tooltip}\n      />\n    </Tooltip>\n  );\n}\n\nfunction SidebarMenuAction({\n  className,\n  asChild = false,\n  showOnHover = false,\n  ...props\n}: React.ComponentProps<\"button\"> & {\n  asChild?: boolean;\n  showOnHover?: boolean;\n}) {\n  const Comp = asChild ? SlotPrimitive.Slot : \"button\";\n\n  return (\n    <Comp\n      data-slot=\"sidebar-menu-action\"\n      data-sidebar=\"menu-action\"\n      className={cn(\n        \"absolute top-1.5 right-1 flex aspect-square w-5 items-center justify-center rounded-md p-0 text-sidebar-foreground outline-hidden ring-sidebar-ring transition-transform hover:bg-sidebar-accent hover:text-sidebar-accent-foreground focus-visible:ring-2 peer-hover/menu-button:text-sidebar-accent-foreground [&>svg]:size-4 [&>svg]:shrink-0\",\n        // Increases the hit area of the button on mobile.\n        \"after:-inset-2 after:absolute md:after:hidden\",\n        \"peer-data-[size=sm]/menu-button:top-1\",\n        \"peer-data-[size=default]/menu-button:top-1.5\",\n        \"peer-data-[size=lg]/menu-button:top-2.5\",\n        \"group-data-[collapsible=icon]:hidden\",\n        showOnHover &&\n          \"group-focus-within/menu-item:opacity-100 group-hover/menu-item:opacity-100 data-[state=open]:opacity-100 peer-data-[active=true]/menu-button:text-sidebar-accent-foreground md:opacity-0\",\n        className,\n      )}\n      {...props}\n    />\n  );\n}\n\nfunction SidebarMenuBadge({\n  className,\n  ...props\n}: React.ComponentProps<\"div\">) {\n  return (\n    <div\n      data-slot=\"sidebar-menu-badge\"\n      data-sidebar=\"menu-badge\"\n      className={cn(\n        \"pointer-events-none absolute right-1 flex h-5 min-w-5 select-none items-center justify-center rounded-md px-1 font-medium text-sidebar-foreground text-xs tabular-nums\",\n        \"peer-hover/menu-button:text-sidebar-accent-foreground peer-data-[active=true]/menu-button:text-sidebar-accent-foreground\",\n        \"peer-data-[size=sm]/menu-button:top-1\",\n        \"peer-data-[size=default]/menu-button:top-1.5\",\n        \"peer-data-[size=lg]/menu-button:top-2.5\",\n        \"group-data-[collapsible=icon]:hidden\",\n        className,\n      )}\n      {...props}\n    />\n  );\n}\n\nfunction SidebarMenuSkeleton({\n  className,\n  showIcon = false,\n  ...props\n}: React.ComponentProps<\"div\"> & {\n  showIcon?: boolean;\n}) {\n  // Random width between 50 to 90%.\n  const width = React.useMemo(() => {\n    return `${Math.floor(Math.random() * 40) + 50}%`;\n  }, []);\n\n  return (\n    <div\n      data-slot=\"sidebar-menu-skeleton\"\n      data-sidebar=\"menu-skeleton\"\n      className={cn(\"flex h-8 items-center gap-2 rounded-md px-2\", className)}\n      {...props}\n    >\n      {showIcon && (\n        <Skeleton\n          className=\"size-4 rounded-md\"\n          data-sidebar=\"menu-skeleton-icon\"\n        />\n      )}\n      <Skeleton\n        className=\"h-4 max-w-(--skeleton-width) flex-1\"\n        data-sidebar=\"menu-skeleton-text\"\n        style={\n          {\n            \"--skeleton-width\": width,\n          } as React.CSSProperties\n        }\n      />\n    </div>\n  );\n}\n\nfunction SidebarMenuSub({ className, ...props }: React.ComponentProps<\"ul\">) {\n  return (\n    <ul\n      data-slot=\"sidebar-menu-sub\"\n      data-sidebar=\"menu-sub\"\n      className={cn(\n        \"mx-3.5 flex min-w-0 translate-x-px flex-col gap-1 border-sidebar-border border-l px-2.5 py-0.5\",\n        \"group-data-[collapsible=icon]:hidden\",\n        className,\n      )}\n      {...props}\n    />\n  );\n}\n\nfunction SidebarMenuSubItem({\n  className,\n  ...props\n}: React.ComponentProps<\"li\">) {\n  return (\n    <li\n      data-slot=\"sidebar-menu-sub-item\"\n      data-sidebar=\"menu-sub-item\"\n      className={cn(\"group/menu-sub-item relative\", className)}\n      {...props}\n    />\n  );\n}\n\nfunction SidebarMenuSubButton({\n  asChild = false,\n  size = \"md\",\n  isActive = false,\n  className,\n  ...props\n}: React.ComponentProps<\"a\"> & {\n  asChild?: boolean;\n  size?: \"sm\" | \"md\";\n  isActive?: boolean;\n}) {\n  const Comp = asChild ? SlotPrimitive.Slot : \"a\";\n\n  return (\n    <Comp\n      data-slot=\"sidebar-menu-sub-button\"\n      data-sidebar=\"menu-sub-button\"\n      data-size={size}\n      data-active={isActive}\n      className={cn(\n        \"-translate-x-px flex h-7 min-w-0 items-center gap-2 overflow-hidden rounded-md px-2 text-sidebar-foreground outline-hidden ring-sidebar-ring hover:bg-sidebar-accent hover:text-sidebar-accent-foreground focus-visible:ring-2 active:bg-sidebar-accent active:text-sidebar-accent-foreground disabled:pointer-events-none disabled:opacity-50 aria-disabled:pointer-events-none aria-disabled:opacity-50 [&>span:last-child]:truncate [&>svg]:size-4 [&>svg]:shrink-0 [&>svg]:text-sidebar-accent-foreground\",\n        \"data-[active=true]:bg-sidebar-accent data-[active=true]:text-sidebar-accent-foreground\",\n        size === \"sm\" && \"text-xs\",\n        size === \"md\" && \"text-sm\",\n        \"group-data-[collapsible=icon]:hidden\",\n        className,\n      )}\n      {...props}\n    />\n  );\n}\n\nexport {\n  Sidebar,\n  SidebarContent,\n  SidebarFooter,\n  SidebarGroup,\n  SidebarGroupAction,\n  SidebarGroupContent,\n  SidebarGroupLabel,\n  SidebarHeader,\n  SidebarInput,\n  SidebarInset,\n  SidebarMenu,\n  SidebarMenuAction,\n  SidebarMenuBadge,\n  SidebarMenuButton,\n  SidebarMenuItem,\n  SidebarMenuSkeleton,\n  SidebarMenuSub,\n  SidebarMenuSubButton,\n  SidebarMenuSubItem,\n  SidebarProvider,\n  SidebarRail,\n  SidebarSeparator,\n  SidebarTrigger,\n  useSidebar,\n};\n",
      "type": "registry:ui",
      "target": ""
    },
    {
      "path": "src/components/logo.tsx",
      "content": "export function Logo() {\n  return (\n    <div className=\"flex items-center gap-2\">\n      <svg\n        xmlns=\"http://www.w3.org/2000/svg\"\n        viewBox=\"0 0 24 24\"\n        strokeWidth=\"2\"\n        strokeLinecap=\"round\"\n        strokeLinejoin=\"round\"\n        className=\"size-8\"\n        role=\"graphics-symbol\"\n      >\n        <circle className=\"fill-primary\" cx=\"13.5\" cy=\"6.5\" r=\"2.5\" />\n        <circle className=\"fill-primary\" cx=\"19\" cy=\"13\" r=\"2.5\" />\n        <circle className=\"fill-primary\" cx=\"13.5\" cy=\"19.5\" r=\"2.5\" />\n        <circle className=\"fill-primary\" cx=\"6.5\" cy=\"13\" r=\"2.5\" />\n      </svg>\n\n      <h1 className=\"font-bold\">Brand Name</h1>\n    </div>\n  );\n}\n",
      "type": "registry:component",
      "target": ""
    },
    {
      "path": "src/lib/utils.ts",
      "content": "import { type ClassValue, clsx } from \"clsx\";\nimport { twMerge } from \"tailwind-merge\";\n\nexport function cn(...inputs: ClassValue[]) {\n  return twMerge(clsx(inputs));\n}\n\nexport function getPrompt(): string {\n  return `These are existing design system styles and files. Please utilize them alongside base components to build. \n\nDO NOT allow users to change the underlying theme and primitives of the design system by default. If a user deliberately asks to change the design system, warn the user and only proceed upon acknowledgement.\n`;\n}\n",
      "type": "registry:lib",
      "target": ""
    },
    {
      "path": "src/components/ui/separator.tsx",
      "content": "\"use client\";\n\nimport { Separator as SeparatorPrimitive } from \"radix-ui\";\nimport type * as React from \"react\";\n\nimport { cn } from \"@/lib/utils\";\n\nfunction Separator({\n  className,\n  orientation = \"horizontal\",\n  decorative = true,\n  ...props\n}: React.ComponentProps<typeof SeparatorPrimitive.Root>) {\n  return (\n    <SeparatorPrimitive.Root\n      data-slot=\"separator-root\"\n      decorative={decorative}\n      orientation={orientation}\n      className={cn(\n        \"shrink-0 bg-border data-[orientation=horizontal]:h-px data-[orientation=vertical]:h-full data-[orientation=horizontal]:w-full data-[orientation=vertical]:w-px\",\n        className,\n      )}\n      {...props}\n    />\n  );\n}\n\nexport { Separator };\n",
      "type": "registry:ui",
      "target": ""
    },
    {
      "path": "src/components/ui/sheet.tsx",
      "content": "\"use client\";\n\nimport { Dialog as SheetPrimitive } from \"radix-ui\";\nimport { XIcon } from \"lucide-react\";\nimport type * as React from \"react\";\n\nimport { cn } from \"@/lib/utils\";\n\nfunction Sheet({ ...props }: React.ComponentProps<typeof SheetPrimitive.Root>) {\n  return <SheetPrimitive.Root data-slot=\"sheet\" {...props} />;\n}\n\nfunction SheetTrigger({\n  ...props\n}: React.ComponentProps<typeof SheetPrimitive.Trigger>) {\n  return <SheetPrimitive.Trigger data-slot=\"sheet-trigger\" {...props} />;\n}\n\nfunction SheetClose({\n  ...props\n}: React.ComponentProps<typeof SheetPrimitive.Close>) {\n  return <SheetPrimitive.Close data-slot=\"sheet-close\" {...props} />;\n}\n\nfunction SheetPortal({\n  ...props\n}: React.ComponentProps<typeof SheetPrimitive.Portal>) {\n  return <SheetPrimitive.Portal data-slot=\"sheet-portal\" {...props} />;\n}\n\nfunction SheetOverlay({\n  className,\n  ...props\n}: React.ComponentProps<typeof SheetPrimitive.Overlay>) {\n  return (\n    <SheetPrimitive.Overlay\n      data-slot=\"sheet-overlay\"\n      className={cn(\n        \"data-[state=closed]:fade-out-0 data-[state=open]:fade-in-0 fixed inset-0 z-50 bg-black/50 data-[state=closed]:animate-out data-[state=open]:animate-in\",\n        className,\n      )}\n      {...props}\n    />\n  );\n}\n\nfunction SheetContent({\n  className,\n  children,\n  side = \"right\",\n  ...props\n}: React.ComponentProps<typeof SheetPrimitive.Content> & {\n  side?: \"top\" | \"right\" | \"bottom\" | \"left\";\n}) {\n  return (\n    <SheetPortal>\n      <SheetOverlay />\n      <SheetPrimitive.Content\n        data-slot=\"sheet-content\"\n        className={cn(\n          \"fixed z-50 flex flex-col gap-4 bg-background shadow-lg transition ease-in-out data-[state=closed]:animate-out data-[state=open]:animate-in data-[state=closed]:duration-300 data-[state=open]:duration-500\",\n          side === \"right\" &&\n            \"data-[state=closed]:slide-out-to-right data-[state=open]:slide-in-from-right inset-y-0 right-0 h-full w-3/4 border-l sm:max-w-sm\",\n          side === \"left\" &&\n            \"data-[state=closed]:slide-out-to-left data-[state=open]:slide-in-from-left inset-y-0 left-0 h-full w-3/4 border-r sm:max-w-sm\",\n          side === \"top\" &&\n            \"data-[state=closed]:slide-out-to-top data-[state=open]:slide-in-from-top inset-x-0 top-0 h-auto border-b\",\n          side === \"bottom\" &&\n            \"data-[state=closed]:slide-out-to-bottom data-[state=open]:slide-in-from-bottom inset-x-0 bottom-0 h-auto border-t\",\n          className,\n        )}\n        {...props}\n      >\n        {children}\n        <SheetPrimitive.Close className=\"absolute top-4 right-4 rounded-xs opacity-70 ring-offset-background transition-opacity hover:opacity-100 focus:outline-hidden focus:ring-2 focus:ring-ring focus:ring-offset-2 disabled:pointer-events-none data-[state=open]:bg-secondary\">\n          <XIcon className=\"size-4\" />\n          <span className=\"sr-only\">Close</span>\n        </SheetPrimitive.Close>\n      </SheetPrimitive.Content>\n    </SheetPortal>\n  );\n}\n\nfunction SheetHeader({ className, ...props }: React.ComponentProps<\"div\">) {\n  return (\n    <div\n      data-slot=\"sheet-header\"\n      className={cn(\"flex flex-col gap-1.5 p-4\", className)}\n      {...props}\n    />\n  );\n}\n\nfunction SheetFooter({ className, ...props }: React.ComponentProps<\"div\">) {\n  return (\n    <div\n      data-slot=\"sheet-footer\"\n      className={cn(\"mt-auto flex flex-col gap-2 p-4\", className)}\n      {...props}\n    />\n  );\n}\n\nfunction SheetTitle({\n  className,\n  ...props\n}: React.ComponentProps<typeof SheetPrimitive.Title>) {\n  return (\n    <SheetPrimitive.Title\n      data-slot=\"sheet-title\"\n      className={cn(\"font-semibold text-foreground\", className)}\n      {...props}\n    />\n  );\n}\n\nfunction SheetDescription({\n  className,\n  ...props\n}: React.ComponentProps<typeof SheetPrimitive.Description>) {\n  return (\n    <SheetPrimitive.Description\n      data-slot=\"sheet-description\"\n      className={cn(\"text-muted-foreground text-sm\", className)}\n      {...props}\n    />\n  );\n}\n\nexport {\n  Sheet,\n  SheetTrigger,\n  SheetClose,\n  SheetContent,\n  SheetHeader,\n  SheetFooter,\n  SheetTitle,\n  SheetDescription,\n};\n",
      "type": "registry:ui",
      "target": ""
    },
    {
      "path": "src/components/ui/skeleton.tsx",
      "content": "import { cn } from \"@/lib/utils\";\n\nfunction Skeleton({ className, ...props }: React.ComponentProps<\"div\">) {\n  return (\n    <div\n      data-slot=\"skeleton\"\n      className={cn(\"animate-pulse rounded-md bg-accent\", className)}\n      {...props}\n    />\n  );\n}\n\nexport { Skeleton };\n",
      "type": "registry:ui",
      "target": ""
    },
    {
      "path": "src/components/ui/tooltip.tsx",
      "content": "\"use client\";\n\nimport { Tooltip as TooltipPrimitive } from \"radix-ui\";\nimport type * as React from \"react\";\n\nimport { cn } from \"@/lib/utils\";\n\nfunction TooltipProvider({\n  delayDuration = 0,\n  ...props\n}: React.ComponentProps<typeof TooltipPrimitive.Provider>) {\n  return (\n    <TooltipPrimitive.Provider\n      data-slot=\"tooltip-provider\"\n      delayDuration={delayDuration}\n      {...props}\n    />\n  );\n}\n\nfunction Tooltip({\n  ...props\n}: React.ComponentProps<typeof TooltipPrimitive.Root>) {\n  return (\n    <TooltipProvider>\n      <TooltipPrimitive.Root data-slot=\"tooltip\" {...props} />\n    </TooltipProvider>\n  );\n}\n\nfunction TooltipTrigger({\n  ...props\n}: React.ComponentProps<typeof TooltipPrimitive.Trigger>) {\n  return <TooltipPrimitive.Trigger data-slot=\"tooltip-trigger\" {...props} />;\n}\n\nfunction TooltipContent({\n  className,\n  sideOffset = 0,\n  children,\n  ...props\n}: React.ComponentProps<typeof TooltipPrimitive.Content>) {\n  return (\n    <TooltipPrimitive.Portal>\n      <TooltipPrimitive.Content\n        data-slot=\"tooltip-content\"\n        sideOffset={sideOffset}\n        className={cn(\n          \"fade-in-0 zoom-in-95 data-[state=closed]:fade-out-0 data-[state=closed]:zoom-out-95 data-[side=bottom]:slide-in-from-top-2 data-[side=left]:slide-in-from-right-2 data-[side=right]:slide-in-from-left-2 data-[side=top]:slide-in-from-bottom-2 z-50 w-fit origin-(--radix-tooltip-content-transform-origin) animate-in text-balance rounded-md bg-primary px-3 py-1.5 text-primary-foreground text-xs data-[state=closed]:animate-out\",\n          className,\n        )}\n        {...props}\n      >\n        {children}\n        <TooltipPrimitive.Arrow className=\"z-50 size-2.5 translate-y-[calc(-50%_-_2px)] rotate-45 rounded-[2px] bg-primary fill-primary\" />\n      </TooltipPrimitive.Content>\n    </TooltipPrimitive.Portal>\n  );\n}\n\nexport { Tooltip, TooltipTrigger, TooltipContent, TooltipProvider };\n",
      "type": "registry:ui",
      "target": ""
    },
    {
      "path": "src/hooks/use-mobile.ts",
      "content": "import * as React from \"react\";\n\nconst MOBILE_BREAKPOINT = 768;\n\nexport function useIsMobile() {\n  const [isMobile, setIsMobile] = React.useState<boolean | undefined>(\n    undefined,\n  );\n\n  React.useEffect(() => {\n    const mql = window.matchMedia(`(max-width: ${MOBILE_BREAKPOINT - 1}px)`);\n    const onChange = () => {\n      setIsMobile(window.innerWidth < MOBILE_BREAKPOINT);\n    };\n    mql.addEventListener(\"change\", onChange);\n    setIsMobile(window.innerWidth < MOBILE_BREAKPOINT);\n    return () => mql.removeEventListener(\"change\", onChange);\n  }, []);\n\n  return !!isMobile;\n}\n",
      "type": "registry:hook",
      "target": ""
    }
  ]
}