{
  "$schema": "https://ui.shadcn.com/schema/registry-item.json",
  "name": "login",
  "type": "registry:component",
  "title": "Login",
  "description": "Username & password login section with customer quote.",
  "dependencies": [
    "zod",
    "@hookform/resolvers",
    "react-hook-form",
    "radix-ui",
    "class-variance-authority",
    "clsx",
    "tailwind-merge",
    "tailwindcss",
    "tw-animate-css"
  ],
  "registryDependencies": [
    "badge",
    "button",
    "https://registry-starter.vercel.app/r/theme.json",
    "https://registry-starter.vercel.app/r/logo.json"
  ],
  "files": [
    {
      "path": "src/components/login.tsx",
      "content": "\"use client\";\n\nimport { Logo } from \"@/components/logo\";\n\nimport { zodResolver } from \"@hookform/resolvers/zod\";\nimport Link from \"next/link\";\nimport * as React from \"react\";\nimport { useForm } from \"react-hook-form\";\nimport * as z from \"zod\";\n\nimport { Button } from \"@/components/ui/button\";\nimport {\n  Form,\n  FormControl,\n  FormField,\n  FormItem,\n  FormLabel,\n  FormMessage,\n} from \"@/components/ui/form\";\nimport { Input } from \"@/components/ui/input\";\nimport { Separator } from \"@/components/ui/separator\";\n\nconst formSchema = z.object({\n  email: z.string().email({\n    message: \"Please enter a valid email address.\",\n  }),\n  password: z.string().min(8, {\n    message: \"Password must be at least 8 characters.\",\n  }),\n});\n\nfunction LoginForm() {\n  const [isLoading, setIsLoading] = React.useState<boolean>(false);\n\n  const form = useForm<z.infer<typeof formSchema>>({\n    resolver: zodResolver(formSchema),\n    defaultValues: {\n      email: \"\",\n      password: \"\",\n    },\n  });\n\n  async function onSubmit(values: z.infer<typeof formSchema>) {\n    setIsLoading(true);\n  }\n\n  return (\n    <div className=\"grid gap-6\">\n      <Form {...form}>\n        <form onSubmit={form.handleSubmit(onSubmit)} className=\"space-y-4\">\n          <FormField\n            control={form.control}\n            name=\"email\"\n            render={({ field }) => (\n              <FormItem>\n                <FormLabel>Email</FormLabel>\n                <FormControl>\n                  <Input placeholder=\"name@example.com\" {...field} />\n                </FormControl>\n                <FormMessage />\n              </FormItem>\n            )}\n          />\n          <FormField\n            control={form.control}\n            name=\"password\"\n            render={({ field }) => (\n              <FormItem>\n                <div className=\"flex items-center justify-between\">\n                  <FormLabel>Password</FormLabel>\n                  <Link\n                    href=\"#forgot-password\"\n                    className=\"text-muted-foreground text-xs hover:text-primary\"\n                  >\n                    Forgot password?\n                  </Link>\n                </div>\n                <FormControl>\n                  <Input type=\"password\" {...field} />\n                </FormControl>\n                <FormMessage />\n              </FormItem>\n            )}\n          />\n          <Button type=\"submit\" className=\"w-full\" disabled={isLoading}>\n            {isLoading ? \"Signing in...\" : \"Sign in\"}\n          </Button>\n        </form>\n      </Form>\n\n      <div className=\"relative\">\n        <div className=\"absolute inset-0 flex items-center\">\n          <Separator className=\"w-full\" />\n        </div>\n        <div className=\"relative flex justify-center text-xs uppercase\">\n          <span className=\"bg-background px-2 text-muted-foreground\">\n            Or continue with\n          </span>\n        </div>\n      </div>\n\n      <div className=\"grid grid-cols-2 gap-4\">\n        <Button variant=\"outline\" type=\"button\" disabled={isLoading}>\n          Google\n        </Button>\n        <Button variant=\"outline\" type=\"button\" disabled={isLoading}>\n          Microsoft\n        </Button>\n      </div>\n\n      <div className=\"text-center text-sm\">\n        Don&apos;t have an account?{\" \"}\n        <Link href=\"/signup\" className=\"text-primary hover:underline\">\n          Sign up\n        </Link>\n      </div>\n    </div>\n  );\n}\n\nexport function Login() {\n  return (\n    <div className=\"container relative flex-col items-center justify-center md:grid lg:max-w-none lg:grid-cols-2 lg:px-0\">\n      <div className=\"relative hidden h-full flex-col bg-foreground/10 p-10 text-foreground lg:flex dark:border-r\">\n        <div className=\"relative z-20 flex items-center font-medium text-lg\">\n          <Logo />\n        </div>\n\n        <div className=\"relative z-20 mt-auto\">\n          <blockquote className=\"space-y-2\">\n            <p className=\"text-lg\">\n              &ldquo;Tbh @shadcn really cooked with @shadcn. Keeps passing the\n              test of time.&rdquo;\n            </p>\n            <footer className=\"text-sm\">Guillermo Rauch, CEO of Vercel</footer>\n          </blockquote>\n        </div>\n      </div>\n\n      <div className=\"lg:p-8\">\n        <div className=\"mx-auto flex w-full flex-col justify-center space-y-6 sm:w-[350px]\">\n          <div className=\"flex flex-col space-y-2 text-center\">\n            <h1 className=\"font-semibold text-2xl tracking-tight\">\n              Welcome back\n            </h1>\n            <p className=\"text-muted-foreground text-sm\">\n              Enter your email to sign in to your account\n            </p>\n          </div>\n\n          <LoginForm />\n\n          <p className=\"px-8 text-center text-muted-foreground text-sm\">\n            By clicking continue, you agree to our{\" \"}\n            <Link\n              href=\"#terms\"\n              className=\"underline underline-offset-4 hover:text-primary\"\n            >\n              Terms of Service\n            </Link>{\" \"}\n            and{\" \"}\n            <Link\n              href=\"#privacy\"\n              className=\"underline underline-offset-4 hover:text-primary\"\n            >\n              Privacy Policy\n            </Link>\n            .\n          </p>\n        </div>\n      </div>\n    </div>\n  );\n}\n",
      "type": "registry:component"
    },
    {
      "path": "src/layouts/minimal-layout.tsx",
      "content": "import { Geist, Geist_Mono, Montserrat } from \"next/font/google\";\nimport React, { type ReactNode } from \"react\";\n\nimport { cn } from \"@/lib/utils\";\n\nimport \"@/app/globals.css\";\n\nconst GeistSans = Geist({\n  subsets: [\"latin\"],\n  variable: \"--font-sans\",\n});\n\nconst GeistMono = Geist_Mono({\n  subsets: [\"latin\"],\n  variable: \"--font-mono\",\n});\n\nconst MontserratSerif = Montserrat({\n  subsets: [\"latin\"],\n  variable: \"--font-serif\",\n});\n\nexport default function RootLayout({\n  children,\n}: Readonly<{\n  children: ReactNode;\n}>) {\n  return (\n    <html\n      lang=\"en\"\n      className={cn(\n        GeistSans.variable,\n        GeistMono.variable,\n        MontserratSerif.variable,\n        \"bg-background text-foreground\",\n      )}\n    >\n      <body>\n        <main className=\"mt-16 flex w-full justify-center\">\n          <div className=\"container\">{children}</div>\n        </main>\n      </body>\n    </html>\n  );\n}\n",
      "type": "registry:file",
      "target": "app/layout.tsx"
    },
    {
      "path": "src/app/demo/[name]/blocks/blank-page.tsx",
      "content": "export default function BlankPage() {\n  return (\n    <div className=\"flex flex-col items-center justify-center gap-4 rounded-md py-96\">\n      <div className=\"text-muted-foreground\">\n        Start prompting to use your component!\n      </div>\n    </div>\n  );\n}\n",
      "type": "registry:page",
      "target": "app/page.tsx"
    },
    {
      "path": "src/components/logo.tsx",
      "content": "export function Logo() {\n  return (\n    <div className=\"flex items-center gap-2\">\n      <svg\n        xmlns=\"http://www.w3.org/2000/svg\"\n        viewBox=\"0 0 24 24\"\n        strokeWidth=\"2\"\n        strokeLinecap=\"round\"\n        strokeLinejoin=\"round\"\n        className=\"size-8\"\n        role=\"graphics-symbol\"\n      >\n        <circle className=\"fill-primary\" cx=\"13.5\" cy=\"6.5\" r=\"2.5\" />\n        <circle className=\"fill-primary\" cx=\"19\" cy=\"13\" r=\"2.5\" />\n        <circle className=\"fill-primary\" cx=\"13.5\" cy=\"19.5\" r=\"2.5\" />\n        <circle className=\"fill-primary\" cx=\"6.5\" cy=\"13\" r=\"2.5\" />\n      </svg>\n\n      <h1 className=\"font-bold\">Brand Name</h1>\n    </div>\n  );\n}\n",
      "type": "registry:component",
      "target": ""
    },
    {
      "path": "src/components/ui/button.tsx",
      "content": "import { Slot as SlotPrimitive } from \"radix-ui\";\nimport { type VariantProps, cva } from \"class-variance-authority\";\nimport type * as React from \"react\";\n\nimport { cn } from \"@/lib/utils\";\n\nconst buttonVariants = cva(\n  \"inline-flex items-center justify-center gap-2 whitespace-nowrap rounded-md text-sm font-medium transition-all disabled:pointer-events-none disabled:opacity-50 [&_svg]:pointer-events-none [&_svg:not([class*='size-'])]:size-4 shrink-0 [&_svg]:shrink-0 outline-none focus-visible:border-ring focus-visible:ring-ring/50 focus-visible:ring-[3px] aria-invalid:ring-destructive/20 dark:aria-invalid:ring-destructive/40 aria-invalid:border-destructive\",\n  {\n    variants: {\n      variant: {\n        default:\n          \"bg-primary text-primary-foreground shadow-xs hover:bg-primary/90\",\n        destructive:\n          \"bg-destructive text-white shadow-xs hover:bg-destructive/90 focus-visible:ring-destructive/20 dark:focus-visible:ring-destructive/40 dark:bg-destructive/60\",\n        outline:\n          \"border bg-background shadow-xs hover:bg-accent hover:text-accent-foreground dark:bg-input/30 dark:border-input dark:hover:bg-input/50\",\n        secondary:\n          \"bg-secondary text-secondary-foreground shadow-xs hover:bg-secondary/80\",\n        ghost:\n          \"hover:bg-accent hover:text-accent-foreground dark:hover:bg-accent/50\",\n        link: \"text-primary underline-offset-4 hover:underline\",\n      },\n      size: {\n        default: \"h-9 px-4 py-2 has-[>svg]:px-3\",\n        sm: \"h-8 rounded-md gap-1.5 px-3 has-[>svg]:px-2.5\",\n        lg: \"h-10 rounded-md px-6 has-[>svg]:px-4\",\n        icon: \"size-9\",\n      },\n    },\n    defaultVariants: {\n      variant: \"default\",\n      size: \"default\",\n    },\n  },\n);\n\nfunction Button({\n  className,\n  variant,\n  size,\n  asChild = false,\n  ...props\n}: React.ComponentProps<\"button\"> &\n  VariantProps<typeof buttonVariants> & {\n    asChild?: boolean;\n  }) {\n  const Comp = asChild ? SlotPrimitive.Slot : \"button\";\n\n  return (\n    <Comp\n      data-slot=\"button\"\n      className={cn(buttonVariants({ variant, size, className }))}\n      {...props}\n    />\n  );\n}\n\nexport { Button, buttonVariants };\n",
      "type": "registry:ui",
      "target": ""
    },
    {
      "path": "src/components/ui/form.tsx",
      "content": "\"use client\";\n\nimport { type Label as LabelPrimitive, Slot as SlotPrimitive } from \"radix-ui\";\n\nimport * as React from \"react\";\nimport {\n  Controller,\n  type ControllerProps,\n  type FieldPath,\n  type FieldValues,\n  FormProvider,\n  useFormContext,\n  useFormState,\n} from \"react-hook-form\";\n\nimport { Label } from \"@/components/ui/label\";\nimport { cn } from \"@/lib/utils\";\n\nconst Form = FormProvider;\n\ntype FormFieldContextValue<\n  TFieldValues extends FieldValues = FieldValues,\n  TName extends FieldPath<TFieldValues> = FieldPath<TFieldValues>,\n> = {\n  name: TName;\n};\n\nconst FormFieldContext = React.createContext<FormFieldContextValue>(\n  {} as FormFieldContextValue,\n);\n\nconst FormField = <\n  TFieldValues extends FieldValues = FieldValues,\n  TName extends FieldPath<TFieldValues> = FieldPath<TFieldValues>,\n>({\n  ...props\n}: ControllerProps<TFieldValues, TName>) => {\n  return (\n    <FormFieldContext.Provider value={{ name: props.name }}>\n      <Controller {...props} />\n    </FormFieldContext.Provider>\n  );\n};\n\nconst useFormField = () => {\n  const fieldContext = React.useContext(FormFieldContext);\n  const itemContext = React.useContext(FormItemContext);\n  const { getFieldState } = useFormContext();\n  const formState = useFormState({ name: fieldContext.name });\n  const fieldState = getFieldState(fieldContext.name, formState);\n\n  if (!fieldContext) {\n    throw new Error(\"useFormField should be used within <FormField>\");\n  }\n\n  const { id } = itemContext;\n\n  return {\n    id,\n    name: fieldContext.name,\n    formItemId: `${id}-form-item`,\n    formDescriptionId: `${id}-form-item-description`,\n    formMessageId: `${id}-form-item-message`,\n    ...fieldState,\n  };\n};\n\ntype FormItemContextValue = {\n  id: string;\n};\n\nconst FormItemContext = React.createContext<FormItemContextValue>(\n  {} as FormItemContextValue,\n);\n\nfunction FormItem({ className, ...props }: React.ComponentProps<\"div\">) {\n  const id = React.useId();\n\n  return (\n    <FormItemContext.Provider value={{ id }}>\n      <div\n        data-slot=\"form-item\"\n        className={cn(\"grid gap-2\", className)}\n        {...props}\n      />\n    </FormItemContext.Provider>\n  );\n}\n\nfunction FormLabel({\n  className,\n  ...props\n}: React.ComponentProps<typeof LabelPrimitive.Root>) {\n  const { error, formItemId } = useFormField();\n\n  return (\n    <Label\n      data-slot=\"form-label\"\n      data-error={!!error}\n      className={cn(\"data-[error=true]:text-destructive\", className)}\n      htmlFor={formItemId}\n      {...props}\n    />\n  );\n}\n\nfunction FormControl({ ...props }: React.ComponentProps<typeof SlotPrimitive.Slot>) {\n  const { error, formItemId, formDescriptionId, formMessageId } =\n    useFormField();\n\n  return (\n    <SlotPrimitive.Slot\n      data-slot=\"form-control\"\n      id={formItemId}\n      aria-describedby={\n        !error\n          ? `${formDescriptionId}`\n          : `${formDescriptionId} ${formMessageId}`\n      }\n      aria-invalid={!!error}\n      {...props}\n    />\n  );\n}\n\nfunction FormDescription({ className, ...props }: React.ComponentProps<\"p\">) {\n  const { formDescriptionId } = useFormField();\n\n  return (\n    <p\n      data-slot=\"form-description\"\n      id={formDescriptionId}\n      className={cn(\"text-muted-foreground text-sm\", className)}\n      {...props}\n    />\n  );\n}\n\nfunction FormMessage({ className, ...props }: React.ComponentProps<\"p\">) {\n  const { error, formMessageId } = useFormField();\n  const body = error ? String(error?.message ?? \"\") : props.children;\n\n  if (!body) {\n    return null;\n  }\n\n  return (\n    <p\n      data-slot=\"form-message\"\n      id={formMessageId}\n      className={cn(\"text-destructive text-sm\", className)}\n      {...props}\n    >\n      {body}\n    </p>\n  );\n}\n\nexport {\n  useFormField,\n  Form,\n  FormItem,\n  FormLabel,\n  FormControl,\n  FormDescription,\n  FormMessage,\n  FormField,\n};\n",
      "type": "registry:ui",
      "target": ""
    },
    {
      "path": "src/components/ui/input.tsx",
      "content": "import type * as React from \"react\";\n\nimport { cn } from \"@/lib/utils\";\n\nfunction Input({ className, type, ...props }: React.ComponentProps<\"input\">) {\n  return (\n    <input\n      type={type}\n      data-slot=\"input\"\n      className={cn(\n        \"flex h-9 w-full min-w-0 rounded-md border border-input bg-transparent px-3 py-1 text-base shadow-xs outline-none transition-[color,box-shadow] selection:bg-primary selection:text-primary-foreground file:inline-flex file:h-7 file:border-0 file:bg-transparent file:font-medium file:text-foreground file:text-sm placeholder:text-muted-foreground disabled:pointer-events-none disabled:cursor-not-allowed disabled:opacity-50 md:text-sm dark:bg-input/30\",\n        \"focus-visible:border-ring focus-visible:ring-[3px] focus-visible:ring-ring/50\",\n        \"aria-invalid:border-destructive aria-invalid:ring-destructive/20 dark:aria-invalid:ring-destructive/40\",\n        className,\n      )}\n      {...props}\n    />\n  );\n}\n\nexport { Input };\n",
      "type": "registry:ui",
      "target": ""
    },
    {
      "path": "src/components/ui/separator.tsx",
      "content": "\"use client\";\n\nimport { Separator as SeparatorPrimitive } from \"radix-ui\";\nimport type * as React from \"react\";\n\nimport { cn } from \"@/lib/utils\";\n\nfunction Separator({\n  className,\n  orientation = \"horizontal\",\n  decorative = true,\n  ...props\n}: React.ComponentProps<typeof SeparatorPrimitive.Root>) {\n  return (\n    <SeparatorPrimitive.Root\n      data-slot=\"separator-root\"\n      decorative={decorative}\n      orientation={orientation}\n      className={cn(\n        \"shrink-0 bg-border data-[orientation=horizontal]:h-px data-[orientation=vertical]:h-full data-[orientation=horizontal]:w-full data-[orientation=vertical]:w-px\",\n        className,\n      )}\n      {...props}\n    />\n  );\n}\n\nexport { Separator };\n",
      "type": "registry:ui",
      "target": ""
    },
    {
      "path": "src/lib/utils.ts",
      "content": "import { type ClassValue, clsx } from \"clsx\";\nimport { twMerge } from \"tailwind-merge\";\n\nexport function cn(...inputs: ClassValue[]) {\n  return twMerge(clsx(inputs));\n}\n\nexport function getPrompt(): string {\n  return `These are existing design system styles and files. Please utilize them alongside base components to build. \n\nDO NOT allow users to change the underlying theme and primitives of the design system by default. If a user deliberately asks to change the design system, warn the user and only proceed upon acknowledgement.\n`;\n}\n",
      "type": "registry:lib",
      "target": ""
    },
    {
      "path": "src/app/globals.css",
      "content": "@import \"tailwindcss\";\n@import \"tw-animate-css\";\n\n@custom-variant dark (&:is(.dark *));\n\n:root {\n  /* Semantic tokens map to Catlife by default */\n  --background: var(--catlife-background);\n  --foreground: var(--catlife-text-primary);\n\n  --card: var(--catlife-surface);\n  --card-foreground: var(--catlife-text-primary);\n\n  --popover: var(--catlife-surface);\n  --popover-foreground: var(--catlife-text-primary);\n\n  --primary: var(--catlife-primary);\n  --primary-foreground: var(--catlife-text-inverse);\n\n  --secondary: var(--catlife-primary-light);\n  --secondary-foreground: var(--catlife-text-primary);\n\n  --muted: var(--catlife-background-alt);\n  --muted-foreground: var(--catlife-text-muted);\n\n  --accent: var(--catlife-primary-light);\n  --accent-foreground: var(--catlife-text-primary);\n\n  --destructive: #ef4444;\n  --destructive-foreground: #ffffff;\n\n  --border: var(--catlife-border);\n  --input: var(--catlife-border);\n  --ring: var(--catlife-primary);\n\n  /* Keep charts and sidebar as-is for now; can be themed later */\n  --chart-1: oklch(0.67 0.16 144.21);\n  --chart-2: oklch(0.58 0.14 144.18);\n  --chart-3: oklch(0.52 0.13 144.17);\n  --chart-4: oklch(0.43 0.12 144.31);\n  --chart-5: oklch(0.22 0.05 145.73);\n\n  --sidebar: oklch(0.94 0.01 74.42);\n  --sidebar-foreground: oklch(0.3 0.04 30.2);\n  --sidebar-primary: oklch(0.52 0.13 144.17);\n  --sidebar-primary-foreground: oklch(1.0 0 0);\n  --sidebar-accent: oklch(0.9 0.05 146.04);\n  --sidebar-accent-foreground: oklch(0.43 0.12 144.31);\n  --sidebar-border: oklch(0.88 0.02 74.64);\n  --sidebar-ring: oklch(0.52 0.13 144.17);\n\n  --radius: var(--catlife-radius);\n\n  /* Adding Catlife custom colors while preserving shadcn/ui defaults */\n\n  /* Catlife Primary Colors - Orange Family */\n  --catlife-primary: #f49834;\n  --catlife-primary-hover: #f99830;\n  --catlife-primary-active: #f27100;\n  --catlife-primary-light: #ffd094;\n  --catlife-primary-lightest: #ffeed6;\n\n  /* Catlife Background Colors */\n  --catlife-background: #fffaf4;\n  --catlife-background-alt: #fffaf3;\n  --catlife-surface: #ffffff;\n\n  /* Catlife Text Colors */\n  --catlife-text-primary: #161616;\n  --catlife-text-secondary: #1c1b1f;\n  --catlife-text-muted: #292625;\n  --catlife-text-inverse: #ffffff;\n  --catlife-text-variant-1: #151515;\n  --catlife-text-variant-2: #161617;\n\n  /* Catlife Accent Colors */\n  --catlife-accent-success: #10b981;\n\n  /* Catlife Border */\n  --catlife-border: #161616;\n  --catlife-radius: 1.5rem;\n\n  /* Added Catlife font token */\n  --catlife-font-primary: \"Roc Grotesk\", -apple-system, BlinkMacSystemFont, \"Segoe UI\", Roboto, sans-serif;\n}\n\n.dark {\n  --background: var(--catlife-background);\n  --foreground: var(--catlife-text-primary);\n\n  --card: var(--catlife-surface);\n  --card-foreground: var(--catlife-text-primary);\n\n  --popover: var(--catlife-surface);\n  --popover-foreground: var(--catlife-text-primary);\n\n  --primary: var(--catlife-primary);\n  --primary-foreground: var(--catlife-text-inverse);\n\n  --secondary: var(--catlife-primary-light);\n  --secondary-foreground: var(--catlife-text-primary);\n\n  --muted: var(--catlife-background-alt);\n  --muted-foreground: var(--catlife-text-muted);\n\n  --accent: var(--catlife-primary-light);\n  --accent-foreground: var(--catlife-text-primary);\n\n  --destructive: #ef4444;\n  --destructive-foreground: #ffffff;\n\n  --border: var(--catlife-border);\n  --input: var(--catlife-border);\n  --ring: var(--catlife-primary);\n\n  /* Keep chart/sidebar dark defaults */\n  --chart-1: oklch(0.72 0.16 144.21);\n  --chart-2: oklch(0.63 0.14 144.18);\n  --chart-3: oklch(0.58 0.15 144.17);\n  --chart-4: oklch(0.48 0.12 144.31);\n  --chart-5: oklch(0.35 0.08 145.73);\n\n  --sidebar: oklch(0.15 0.01 74.42);\n  --sidebar-foreground: oklch(0.95 0.02 80.72);\n  --sidebar-primary: oklch(0.58 0.15 144.17);\n  --sidebar-primary-foreground: oklch(0.09 0.01 80.72);\n  --sidebar-accent: oklch(0.22 0.04 146.04);\n  --sidebar-accent-foreground: oklch(0.65 0.12 144.31);\n  --sidebar-border: oklch(0.22 0.02 74.64);\n  --sidebar-ring: oklch(0.58 0.15 144.17);\n}\n\n/* Named themes for consumers */\n.theme-catlife,\n.catlife-theme {\n  --background: var(--catlife-background);\n  --foreground: var(--catlife-text-primary);\n  --card: var(--catlife-surface);\n  --card-foreground: var(--catlife-text-primary);\n  --popover: var(--catlife-surface);\n  --popover-foreground: var(--catlife-text-primary);\n\n  --primary: var(--catlife-primary);\n  --primary-foreground: var(--catlife-text-inverse);\n\n  --secondary: var(--catlife-primary-light);\n  --secondary-foreground: var(--catlife-text-primary);\n\n  --muted: var(--catlife-background-alt);\n  --muted-foreground: var(--catlife-text-muted);\n\n  --accent: var(--catlife-primary-light);\n  --accent-foreground: var(--catlife-text-primary);\n\n  --destructive: #ef4444;\n  --destructive-foreground: #ffffff;\n\n  --border: var(--catlife-border);\n  --input: var(--catlife-border);\n  --ring: var(--catlife-primary);\n\n  --radius: var(--catlife-radius);\n\n  font-family: var(--catlife-font-primary);\n}\n\n.theme-default {\n  /* Original shadcn defaults (light) */\n  --background: oklch(0.97 0.01 80.72);\n  --foreground: oklch(0.3 0.04 30.2);\n  --card: oklch(0.97 0.01 80.72);\n  --card-foreground: oklch(0.3 0.04 30.2);\n  --popover: oklch(0.97 0.01 80.72);\n  --popover-foreground: oklch(0.3 0.04 30.2);\n  --primary: oklch(0.52 0.13 144.17);\n  --primary-foreground: oklch(1.0 0 0);\n  --secondary: oklch(0.96 0.02 147.64);\n  --secondary-foreground: oklch(0.43 0.12 144.31);\n  --muted: oklch(0.94 0.01 74.42);\n  --muted-foreground: oklch(0.45 0.05 39.21);\n  --accent: oklch(0.9 0.05 146.04);\n  --accent-foreground: oklch(0.43 0.12 144.31);\n  --destructive: oklch(0.54 0.19 26.72);\n  --destructive-foreground: oklch(1.0 0 0);\n  --border: oklch(0.88 0.02 74.64);\n  --input: oklch(0.88 0.02 74.64);\n  --ring: oklch(0.52 0.13 144.17);\n}\n\n.dark.theme-default {\n  --background: oklch(0.15 0.01 74.42);\n  --foreground: oklch(0.95 0.02 80.72);\n  --card: oklch(0.12 0.01 80.72);\n  --card-foreground: oklch(0.95 0.02 80.72);\n  --popover: oklch(0.12 0.01 80.72);\n  --popover-foreground: oklch(0.95 0.02 80.72);\n  --primary: oklch(0.58 0.15 144.17);\n  --primary-foreground: oklch(0.09 0.01 80.72);\n  --secondary: oklch(0.15 0.02 147.64);\n  --secondary-foreground: oklch(0.65 0.12 144.31);\n  --muted: oklch(0.18 0.01 74.42);\n  --muted-foreground: oklch(0.65 0.03 74.42);\n  --accent: oklch(0.22 0.04 146.04);\n  --accent-foreground: oklch(0.65 0.12 144.31);\n  --destructive: oklch(0.62 0.22 26.72);\n  --destructive-foreground: oklch(0.95 0.02 80.72);\n  --border: oklch(0.22 0.02 74.64);\n  --input: oklch(0.22 0.02 74.64);\n  --ring: oklch(0.58 0.15 144.17);\n}\n\n@theme inline {\n  --color-background: var(--background);\n  --color-foreground: var(--foreground);\n\n  --color-primary: var(--primary);\n  --color-primary-foreground: var(--primary-foreground);\n\n  --color-secondary: var(--secondary);\n  --color-secondary-foreground: var(--secondary-foreground);\n  --color-accent: var(--accent);\n  --color-accent-foreground: var(--accent-foreground);\n\n  --color-muted: var(--muted);\n  --color-muted-foreground: var(--muted-foreground);\n  --color-card: var(--card);\n  --color-card-foreground: var(--card-foreground);\n  --color-popover: var(--popover);\n  --color-popover-foreground: var(--popover-foreground);\n\n  --color-border: var(--border);\n  --color-input: var(--input);\n  --color-ring: var(--ring);\n\n  --color-destructive: var(--destructive);\n  --color-destructive-foreground: var(--destructive-foreground);\n\n  --color-chart-1: var(--chart-1);\n  --color-chart-2: var(--chart-2);\n  --color-chart-3: var(--chart-3);\n  --color-chart-4: var(--chart-4);\n  --color-chart-5: var(--chart-5);\n\n  --color-sidebar: var(--sidebar);\n  --color-sidebar-foreground: var(--sidebar-foreground);\n  --color-sidebar-primary: var(--sidebar-primary);\n  --color-sidebar-primary-foreground: var(--sidebar-primary-foreground);\n  --color-sidebar-accent: var(--sidebar-accent);\n  --color-sidebar-accent-foreground: var(--sidebar-accent-foreground);\n  --color-sidebar-border: var(--sidebar-border);\n  --color-sidebar-ring: var(--sidebar-ring);\n\n  /* Catlife color tokens */\n  --color-catlife-primary: var(--catlife-primary);\n  --color-catlife-primary-hover: var(--catlife-primary-hover);\n  --color-catlife-primary-active: var(--catlife-primary-active);\n  --color-catlife-primary-light: var(--catlife-primary-light);\n  --color-catlife-primary-lightest: var(--catlife-primary-lightest);\n  --color-catlife-background: var(--catlife-background);\n  --color-catlife-background-alt: var(--catlife-background-alt);\n  --color-catlife-surface: var(--catlife-surface);\n  --color-catlife-text-primary: var(--catlife-text-primary);\n  --color-catlife-text-secondary: var(--catlife-text-secondary);\n  --color-catlife-text-muted: var(--catlife-text-muted);\n  --color-catlife-text-inverse: var(--catlife-text-inverse);\n  --color-catlife-text-variant-1: var(--catlife-text-variant-1);\n  --color-catlife-text-variant-2: var(--catlife-text-variant-2);\n  --color-catlife-accent-success: var(--catlife-accent-success);\n  --color-catlife-border: var(--catlife-border);\n\n  --font-sans: var(--font-sans);\n  --font-serif: var(--font-serif);\n  --font-mono: var(--font-mono);\n  --font-catlife-primary: var(--catlife-font-primary);\n\n  --radius-sm: calc(var(--radius) - 4px);\n  --radius-md: calc(var(--radius) - 2px);\n  --radius-lg: var(--radius);\n  --radius-xl: calc(var(--radius) + 4px);\n  --radius-catlife: var(--catlife-radius);\n\n  --shadow-2xs: var(--shadow-2xs);\n  --shadow-xs: var(--shadow-xs);\n  --shadow-sm: var(--shadow-sm);\n  --shadow: var(--shadow);\n  --shadow-md: var(--shadow-md);\n  --shadow-lg: var(--shadow-lg);\n  --shadow-xl: var(--shadow-xl);\n  --shadow-2xl: var(--shadow-2xl);\n}\n\n@layer base {\n  *,\n  ::after,\n  ::before,\n  ::backdrop,\n  ::file-selector-button {\n    border-color: var(--color-border, currentColor);\n  }\n}\n",
      "type": "registry:component",
      "target": ""
    },
    {
      "path": "src/components/ui/label.tsx",
      "content": "\"use client\";\n\nimport { Label as LabelPrimitive } from \"radix-ui\";\nimport type * as React from \"react\";\n\nimport { cn } from \"@/lib/utils\";\n\nfunction Label({\n  className,\n  ...props\n}: React.ComponentProps<typeof LabelPrimitive.Root>) {\n  return (\n    <LabelPrimitive.Root\n      data-slot=\"label\"\n      className={cn(\n        \"flex select-none items-center gap-2 font-medium text-sm leading-none peer-disabled:cursor-not-allowed peer-disabled:opacity-50 group-data-[disabled=true]:pointer-events-none group-data-[disabled=true]:opacity-50\",\n        className,\n      )}\n      {...props}\n    />\n  );\n}\n\nexport { Label };\n",
      "type": "registry:ui",
      "target": ""
    }
  ]
}