{
  "$schema": "https://ui.shadcn.com/schema/registry.json",
  "name": "Registry Starter",
  "homepage": "https://registry-starter.vercel.app",
  "items": [
    {
      "name": "theme",
      "type": "registry:theme",
      "title": "Nature Theme",
      "description": "A nature theme and styles with greens and browns using Tailwind and shadcn/ui variable names",
      "cssVars": {
        "light": {
          "background": "oklch(0.97 0.01 80.72)",
          "foreground": "oklch(0.3 0.04 30.2)",
          "card": "oklch(0.97 0.01 80.72)",
          "card-foreground": "oklch(0.3 0.04 30.2)",
          "popover": "oklch(0.97 0.01 80.72)",
          "popover-foreground": "oklch(0.3 0.04 30.2)",
          "primary": "oklch(0.52 0.13 144.17)",
          "primary-foreground": "oklch(1.0 0 0)",
          "secondary": "oklch(0.96 0.02 147.64)",
          "secondary-foreground": "oklch(0.43 0.12 144.31)",
          "muted": "oklch(0.94 0.01 74.42)",
          "muted-foreground": "oklch(0.45 0.05 39.21)",
          "accent": "oklch(0.9 0.05 146.04)",
          "accent-foreground": "oklch(0.43 0.12 144.31)",
          "destructive": "oklch(0.54 0.19 26.72)",
          "destructive-foreground": "oklch(1.0 0 0)",
          "border": "oklch(0.88 0.02 74.64)",
          "input": "oklch(0.88 0.02 74.64)",
          "ring": "oklch(0.52 0.13 144.17)",
          "chart-1": "oklch(0.67 0.16 144.21)",
          "chart-2": "oklch(0.58 0.14 144.18)",
          "chart-3": "oklch(0.52 0.13 144.17)",
          "chart-4": "oklch(0.43 0.12 144.31)",
          "chart-5": "oklch(0.22 0.05 145.73)",
          "sidebar": "oklch(0.94 0.01 74.42)",
          "sidebar-foreground": "oklch(0.3 0.04 30.2)",
          "sidebar-primary": "oklch(0.52 0.13 144.17)",
          "sidebar-primary-foreground": "oklch(1.0 0 0)",
          "sidebar-accent": "oklch(0.9 0.05 146.04)",
          "sidebar-accent-foreground": "oklch(0.43 0.12 144.31)",
          "sidebar-border": "oklch(0.88 0.02 74.64)",
          "sidebar-ring": "oklch(0.52 0.13 144.17)",
          "radius": "0.5rem"
        },
        "dark": {
          "background": "oklch(0.15 0.01 74.42)",
          "foreground": "oklch(0.95 0.02 80.72)",
          "card": "oklch(0.12 0.01 80.72)",
          "card-foreground": "oklch(0.95 0.02 80.72)",
          "popover": "oklch(0.12 0.01 80.72)",
          "popover-foreground": "oklch(0.95 0.02 80.72)",
          "primary": "oklch(0.58 0.15 144.17)",
          "primary-foreground": "oklch(0.09 0.01 80.72)",
          "secondary": "oklch(0.15 0.02 147.64)",
          "secondary-foreground": "oklch(0.65 0.12 144.31)",
          "muted": "oklch(0.18 0.01 74.42)",
          "muted-foreground": "oklch(0.65 0.03 74.42)",
          "accent": "oklch(0.22 0.04 146.04)",
          "accent-foreground": "oklch(0.65 0.12 144.31)",
          "destructive": "oklch(0.62 0.22 26.72)",
          "destructive-foreground": "oklch(0.95 0.02 80.72)",
          "border": "oklch(0.22 0.02 74.64)",
          "input": "oklch(0.22 0.02 74.64)",
          "ring": "oklch(0.58 0.15 144.17)",
          "chart-1": "oklch(0.72 0.16 144.21)",
          "chart-2": "oklch(0.63 0.14 144.18)",
          "chart-3": "oklch(0.58 0.15 144.17)",
          "chart-4": "oklch(0.48 0.12 144.31)",
          "chart-5": "oklch(0.35 0.08 145.73)",
          "sidebar": "oklch(0.15 0.01 74.42)",
          "sidebar-foreground": "oklch(0.95 0.02 80.72)",
          "sidebar-primary": "oklch(0.58 0.15 144.17)",
          "sidebar-primary-foreground": "oklch(0.09 0.01 80.72)",
          "sidebar-accent": "oklch(0.22 0.04 146.04)",
          "sidebar-accent-foreground": "oklch(0.65 0.12 144.31)",
          "sidebar-border": "oklch(0.22 0.02 74.64)",
          "sidebar-ring": "oklch(0.58 0.15 144.17)",
          "radius": "0.5rem"
        }
      },
      "dependencies": ["radix-ui"],
      "files": [
        {
          "path": "src/app/globals.css",
          "type": "registry:style",
          "target": "app/globals.css"
        },
        {
          "path": "postcss.config.mjs",
          "type": "registry:file",
          "target": "postcss.config.mjs"
        }
      ]
    },
    {
      "name": "blank",
      "type": "registry:block",
      "title": "Blank",
      "description": "A blank application with all brand components and code",
      "registryDependencies": [
        "https://registry-starter.vercel.app/r/brand-header.json",
        "https://registry-starter.vercel.app/r/brand-sidebar.json",
        "https://registry-starter.vercel.app/r/product-grid.json",
        "https://registry-starter.vercel.app/r/theme.json"
      ],
      "files": [
        {
          "path": "src/layouts/minimal-layout.tsx",
          "type": "registry:file",
          "target": "app/layout.tsx"
        },
        {
          "path": "src/app/demo/[name]/blocks/blank-page.tsx",
          "type": "registry:page",
          "target": "app/page.tsx"
        }
      ]
    },
    {
      "name": "dashboard",
      "type": "registry:block",
      "title": "Dashboard",
      "description": "A dashboard application with your brand themed components",
      "registryDependencies": [
        "https://registry-starter.vercel.app/r/sonner.json",
        "https://registry-starter.vercel.app/r/brand-header.json",
        "https://registry-starter.vercel.app/r/brand-sidebar.json",
        "https://registry-starter.vercel.app/r/theme.json"
      ],
      "files": [
        {
          "path": "src/layouts/shell-layout.tsx",
          "type": "registry:file",
          "target": "app/layout.tsx"
        },
        {
          "path": "src/app/demo/[name]/blocks/dashboard-page.tsx",
          "type": "registry:page",
          "target": "app/page.tsx"
        }
      ]
    },
    {
      "name": "store",
      "type": "registry:block",
      "title": "Store",
      "description": "A store application with your brand themed components",
      "registryDependencies": [
        "https://registry-starter.vercel.app/r/product-grid.json",
        "https://registry-starter.vercel.app/r/theme.json"
      ],
      "files": [
        {
          "path": "src/layouts/minimal-layout.tsx",
          "type": "registry:file",
          "target": "app/layout.tsx"
        },
        {
          "path": "src/app/demo/[name]/blocks/store-page.tsx",
          "type": "registry:page",
          "target": "app/page.tsx"
        }
      ]
    },
    {
      "name": "brand-header",
      "type": "registry:component",
      "title": "Brand Header",
      "description": "A styled, simple, reusable header",
      "registryDependencies": [
        "button",
        "input",
        "avatar",
        "sidebar",
        "https://registry-starter.vercel.app/r/sonner.json",
        "https://registry-starter.vercel.app/r/logo.json",
        "https://registry-starter.vercel.app/r/theme.json"
      ],
      "files": [
        {
          "path": "src/components/brand-header.tsx",
          "type": "registry:component"
        },
        {
          "path": "src/layouts/shell-layout.tsx",
          "type": "registry:file",
          "target": "app/layout.tsx"
        },
        {
          "path": "src/app/demo/[name]/blocks/blank-page.tsx",
          "type": "registry:page",
          "target": "app/page.tsx"
        }
      ]
    },
    {
      "name": "brand-sidebar",
      "type": "registry:component",
      "title": "Brand Sidebar",
      "description": "A styled, simple, reusable sidebar",
      "registryDependencies": [
        "badge",
        "button",
        "sidebar",
        "https://registry-starter.vercel.app/r/sonner.json",
        "https://registry-starter.vercel.app/r/theme.json"
      ],
      "files": [
        {
          "path": "src/components/brand-sidebar.tsx",
          "type": "registry:component"
        },
        {
          "path": "src/layouts/shell-layout.tsx",
          "type": "registry:file",
          "target": "app/layout.tsx"
        },
        {
          "path": "src/app/demo/[name]/blocks/blank-page.tsx",
          "type": "registry:page",
          "target": "app/page.tsx"
        }
      ]
    },
    {
      "name": "login",
      "type": "registry:component",
      "title": "Login",
      "description": "Username & password login section with customer quote.",
      "registryDependencies": [
        "badge",
        "button",
        "https://registry-starter.vercel.app/r/theme.json",
        "https://registry-starter.vercel.app/r/logo.json"
      ],
      "dependencies": ["zod", "@hookform/resolvers", "react-hook-form"],
      "files": [
        {
          "path": "src/components/login.tsx",
          "type": "registry:component"
        },
        {
          "path": "src/layouts/minimal-layout.tsx",
          "type": "registry:file",
          "target": "app/layout.tsx"
        },
        {
          "path": "src/app/demo/[name]/blocks/blank-page.tsx",
          "type": "registry:page",
          "target": "app/page.tsx"
        }
      ]
    },
    {
      "name": "logo",
      "type": "registry:component",
      "title": "Brand Logo",
      "description": "A styled, simple, reusable logo",
      "registryDependencies": [
        "https://registry-starter.vercel.app/r/theme.json"
      ],
      "files": [
        {
          "path": "src/components/logo.tsx",
          "type": "registry:component"
        },
        {
          "path": "src/layouts/minimal-layout.tsx",
          "type": "registry:file",
          "target": "app/layout.tsx"
        },
        {
          "path": "src/app/demo/[name]/blocks/blank-page.tsx",
          "type": "registry:page",
          "target": "app/page.tsx"
        }
      ]
    },
    {
      "name": "hero",
      "type": "registry:component",
      "title": "Hero",
      "description": "Attention-grabbing section for the top of your landing pages.",
      "registryDependencies": [
        "badge",
        "button",
        "https://registry-starter.vercel.app/r/theme.json"
      ],
      "files": [
        {
          "path": "src/components/hero.tsx",
          "type": "registry:component"
        },
        {
          "path": "src/layouts/minimal-layout.tsx",
          "type": "registry:file",
          "target": "app/layout.tsx"
        },
        {
          "path": "src/app/demo/[name]/blocks/blank-page.tsx",
          "type": "registry:page",
          "target": "app/page.tsx"
        }
      ]
    },
    {
      "name": "promo",
      "type": "registry:component",
      "title": "Promo",
      "description": "Attention-grabbing section to display the current promotional deal.",
      "registryDependencies": [
        "button",
        "https://registry-starter.vercel.app/r/theme.json"
      ],
      "files": [
        {
          "path": "src/components/promo.tsx",
          "type": "registry:component"
        },
        {
          "path": "src/layouts/minimal-layout.tsx",
          "type": "registry:file",
          "target": "app/layout.tsx"
        },
        {
          "path": "src/app/demo/[name]/blocks/blank-page.tsx",
          "type": "registry:page",
          "target": "app/page.tsx"
        }
      ]
    },
    {
      "name": "product-grid",
      "type": "registry:component",
      "title": "Product Grid",
      "description": "Product grid displaying all products with API to fetch data",
      "registryDependencies": [
        "https://registry-starter.vercel.app/r/theme.json"
      ],
      "dependencies": ["zod"],
      "files": [
        {
          "path": "src/components/product-grid.tsx",
          "type": "registry:component"
        },
        {
          "path": "src/lib/products.ts",
          "type": "registry:lib"
        },
        {
          "path": "src/layouts/minimal-layout.tsx",
          "type": "registry:file",
          "target": "app/layout.tsx"
        }
      ]
    },
    {
      "name": "catlife-posts",
      "type": "registry:lib",
      "title": "Catlife Posts",
      "description": "Server-side function, API route handler, and client hook to fetch Catlife blog posts with caching",
      "registryDependencies": [],
      "dependencies": ["zod"],
      "files": [
        {
          "path": "src/lib/catlife-posts.ts",
          "type": "registry:lib"
        },
        {
          "path": "src/app/api/catlife-posts/route.ts",
          "type": "registry:file",
          "target": "app/api/catlife-posts/route.ts"
        },
        {
          "path": "src/hooks/use-catlife-posts.ts",
          "type": "registry:file",
          "target": "hooks/use-catlife-posts.ts"
        }
      ]
    },
    {
      "name": "accordion",
      "type": "registry:ui",
      "title": "Accordion",
      "description": "A vertically stacked set of interactive headings that each reveal a section of content.",
      "registryDependencies": [
        "accordion",
        "https://registry-starter.vercel.app/r/theme.json"
      ],
      "files": [
        {
          "path": "src/layouts/minimal-layout.tsx",
          "type": "registry:file",
          "target": "app/layout.tsx"
        }
      ]
    },
    {
      "name": "alert",
      "type": "registry:ui",
      "title": "Alert",
      "description": "Displays a callout for user attention.",
      "registryDependencies": [
        "alert",
        "https://registry-starter.vercel.app/r/theme.json"
      ],
      "files": [
        {
          "path": "src/layouts/minimal-layout.tsx",
          "type": "registry:file",
          "target": "app/layout.tsx"
        }
      ]
    },
    {
      "name": "avatar",
      "type": "registry:ui",
      "title": "Avatar",
      "description": "An image element with a fallback for representing the user.",
      "registryDependencies": [
        "avatar",
        "https://registry-starter.vercel.app/r/theme.json"
      ],
      "files": [
        {
          "path": "src/layouts/minimal-layout.tsx",
          "type": "registry:file",
          "target": "app/layout.tsx"
        }
      ]
    },
    {
      "name": "badge",
      "type": "registry:ui",
      "title": "Badge",
      "description": "Displays a small count or status indicator.",
      "registryDependencies": [
        "badge",
        "https://registry-starter.vercel.app/r/theme.json"
      ],
      "files": [
        {
          "path": "src/layouts/minimal-layout.tsx",
          "type": "registry:file",
          "target": "app/layout.tsx"
        }
      ]
    },
    {
      "name": "breadcrumb",
      "type": "registry:ui",
      "title": "Breadcrumb",
      "description": "Displays the path to the current resource using a hierarchy of links.",
      "registryDependencies": [
        "breadcrumb",
        "https://registry-starter.vercel.app/r/theme.json"
      ],
      "files": [
        {
          "path": "src/layouts/minimal-layout.tsx",
          "type": "registry:file",
          "target": "app/layout.tsx"
        }
      ]
    },
    {
      "name": "button",
      "type": "registry:ui",
      "title": "Button",
      "description": "Allows users to take actions with a single click or tap.",
      "registryDependencies": [
        "button",
        "https://registry-starter.vercel.app/r/theme.json"
      ],
      "files": [
        {
          "path": "src/layouts/minimal-layout.tsx",
          "type": "registry:file",
          "target": "app/layout.tsx"
        }
      ]
    },
    {
      "name": "calendar",
      "type": "registry:ui",
      "title": "Calendar",
      "description": "A date field component that allows users to enter and edit date.",
      "registryDependencies": [
        "calendar",
        "https://registry-starter.vercel.app/r/theme.json"
      ],
      "dependencies": ["react-day-picker"],
      "files": [
        {
          "path": "src/layouts/minimal-layout.tsx",
          "type": "registry:file",
          "target": "app/layout.tsx"
        }
      ]
    },
    {
      "name": "card",
      "type": "registry:ui",
      "title": "Card",
      "description": "Containers for displaying content and actions about a single subject.",
      "registryDependencies": [
        "card",
        "https://registry-starter.vercel.app/r/theme.json"
      ],
      "files": [
        {
          "path": "src/layouts/minimal-layout.tsx",
          "type": "registry:file",
          "target": "app/layout.tsx"
        }
      ]
    },
    {
      "name": "chart",
      "type": "registry:ui",
      "title": "Chart",
      "description": "Beautiful charts. Built using Recharts. Copy and paste into your apps.",
      "registryDependencies": [
        "chart",
        "https://registry-starter.vercel.app/r/theme.json"
      ],
      "dependencies": ["recharts"],
      "files": [
        {
          "path": "src/layouts/minimal-layout.tsx",
          "type": "registry:file",
          "target": "app/layout.tsx"
        }
      ]
    },
    {
      "name": "checkbox",
      "type": "registry:ui",
      "title": "Checkbox",
      "description": "Allows users to select multiple items from a list of options.",
      "registryDependencies": [
        "checkbox",
        "https://registry-starter.vercel.app/r/theme.json"
      ],
      "files": [
        {
          "path": "src/layouts/minimal-layout.tsx",
          "type": "registry:file",
          "target": "app/layout.tsx"
        }
      ]
    },
    {
      "name": "data-table",
      "type": "registry:ui",
      "title": "Data Table",
      "description": "Powerful table and datagrids built using TanStack Table.",
      "registryDependencies": [
        "data-table",
        "https://registry-starter.vercel.app/r/theme.json"
      ],
      "dependencies": ["@tanstack/react-table"],
      "files": [
        {
          "path": "src/layouts/minimal-layout.tsx",
          "type": "registry:file",
          "target": "app/layout.tsx"
        }
      ]
    },
    {
      "name": "date-picker",
      "type": "registry:ui",
      "title": "Date Picker",
      "description": "Displays the path to the current resource using a hierarchy of links.",
      "registryDependencies": [
        "date-picker",
        "https://registry-starter.vercel.app/r/theme.json"
      ],
      "dependencies": ["react-day-picker", "date-fns"],
      "files": [
        {
          "path": "src/layouts/minimal-layout.tsx",
          "type": "registry:file",
          "target": "app/layout.tsx"
        }
      ]
    },
    {
      "name": "dialog",
      "type": "registry:ui",
      "title": "Dialog",
      "description": "A modal dialog that interrupts the user with important content.",
      "registryDependencies": [
        "dialog",
        "https://registry-starter.vercel.app/r/theme.json"
      ],
      "files": [
        {
          "path": "src/layouts/minimal-layout.tsx",
          "type": "registry:file",
          "target": "app/layout.tsx"
        }
      ]
    },
    {
      "name": "dropdown-menu",
      "type": "registry:ui",
      "title": "Dropdown",
      "description": "Displays a menu to the user triggered by a button.",
      "registryDependencies": [
        "dropdown-menu",
        "https://registry-starter.vercel.app/r/theme.json"
      ],
      "files": [
        {
          "path": "src/layouts/minimal-layout.tsx",
          "type": "registry:file",
          "target": "app/layout.tsx"
        }
      ]
    },
    {
      "name": "input",
      "type": "registry:ui",
      "title": "Input",
      "description": "Displays a form input field or a component that looks like an input field.",
      "registryDependencies": [
        "input",
        "https://registry-starter.vercel.app/r/theme.json"
      ],
      "files": [
        {
          "path": "src/layouts/minimal-layout.tsx",
          "type": "registry:file",
          "target": "app/layout.tsx"
        }
      ]
    },
    {
      "name": "menu-bar",
      "type": "registry:ui",
      "title": "Menu Bar",
      "description": "A visually persistent menu common in desktop applications that provides quick access to a consistent set of commands.",
      "registryDependencies": [
        "menu-bar",
        "https://registry-starter.vercel.app/r/theme.json"
      ],
      "files": [
        {
          "path": "src/layouts/minimal-layout.tsx",
          "type": "registry:file",
          "target": "app/layout.tsx"
        }
      ]
    },
    {
      "name": "select",
      "type": "registry:ui",
      "title": "Select",
      "description": "Displays a list of options for the user to pick from—triggered by a button.",
      "registryDependencies": [
        "select",
        "https://registry-starter.vercel.app/r/theme.json"
      ],
      "files": [
        {
          "path": "src/layouts/minimal-layout.tsx",
          "type": "registry:file",
          "target": "app/layout.tsx"
        }
      ]
    },
    {
      "name": "separator",
      "type": "registry:ui",
      "title": "Separator",
      "description": "Visually or semantically separates content.",
      "registryDependencies": [
        "separator",
        "https://registry-starter.vercel.app/r/theme.json"
      ],
      "files": [
        {
          "path": "src/layouts/minimal-layout.tsx",
          "type": "registry:file",
          "target": "app/layout.tsx"
        }
      ]
    },
    {
      "name": "skeleton",
      "type": "registry:ui",
      "title": "Skeleton",
      "description": "Use to show a placeholder while content is loading.",
      "registryDependencies": [
        "skeleton",
        "https://registry-starter.vercel.app/r/theme.json"
      ],
      "files": [
        {
          "path": "src/layouts/minimal-layout.tsx",
          "type": "registry:file",
          "target": "app/layout.tsx"
        }
      ]
    },
    {
      "name": "slider",
      "type": "registry:ui",
      "title": "Slider",
      "description": "An input where the user selects a value from within a given range.",
      "registryDependencies": [
        "slider",
        "https://registry-starter.vercel.app/r/theme.json"
      ],
      "files": [
        {
          "path": "src/layouts/minimal-layout.tsx",
          "type": "registry:file",
          "target": "app/layout.tsx"
        }
      ]
    },
    {
      "name": "sonner",
      "type": "registry:ui",
      "title": "Sonner",
      "description": "An opinionated toast component for React.",
      "registryDependencies": [
        "sonner",
        "https://registry-starter.vercel.app/r/theme.json"
      ],
      "dependencies": ["sonner"],
      "files": [
        {
          "path": "src/layouts/minimal-layout.tsx",
          "type": "registry:file",
          "target": "app/layout.tsx"
        },
        {
          "path": "src/components/ui/sonner.tsx",
          "type": "registry:file",
          "target": "components/ui/sonner.tsx"
        }
      ]
    },
    {
      "name": "switch",
      "type": "registry:ui",
      "title": "Switch",
      "description": "A control that allows the user to toggle between checked and not checked.",
      "registryDependencies": [
        "switch",
        "https://registry-starter.vercel.app/r/theme.json"
      ],
      "files": [
        {
          "path": "src/layouts/minimal-layout.tsx",
          "type": "registry:file",
          "target": "app/layout.tsx"
        }
      ]
    },
    {
      "name": "table",
      "type": "registry:ui",
      "title": "Table",
      "description": "A responsive table component.",
      "registryDependencies": [
        "table",
        "https://registry-starter.vercel.app/r/theme.json"
      ],
      "files": [
        {
          "path": "src/layouts/minimal-layout.tsx",
          "type": "registry:file",
          "target": "app/layout.tsx"
        }
      ]
    },
    {
      "name": "tabs",
      "type": "registry:ui",
      "title": "Tabs",
      "description": "A set of layered sections of content—known as tab panels—that are displayed one at a time.",
      "registryDependencies": [
        "tabs",
        "https://registry-starter.vercel.app/r/theme.json"
      ],
      "files": [
        {
          "path": "src/layouts/minimal-layout.tsx",
          "type": "registry:file",
          "target": "app/layout.tsx"
        }
      ]
    },
    {
      "name": "toggle-group",
      "type": "registry:ui",
      "title": "Toggle Group",
      "description": "A popup that displays information related to an element when the element receives keyboard focus or the mouse hovers over it.",
      "registryDependencies": [
        "toggle-group",
        "https://registry-starter.vercel.app/r/theme.json"
      ],
      "files": [
        {
          "path": "src/layouts/minimal-layout.tsx",
          "type": "registry:file",
          "target": "app/layout.tsx"
        }
      ]
    },
    {
      "name": "tooltip",
      "type": "registry:ui",
      "title": "Tooltip",
      "description": "A popup that displays information related to an element when the element receives keyboard focus or the mouse hovers over it.",
      "registryDependencies": [
        "tooltip",
        "https://registry-starter.vercel.app/r/theme.json"
      ],
      "files": [
        {
          "path": "src/layouts/minimal-layout.tsx",
          "type": "registry:file",
          "target": "app/layout.tsx"
        }
      ]
    },
    {
      "name": "catlife-button",
      "type": "registry:ui",
      "title": "Catlife Button",
      "description": "A custom button component with Catlife branding and interactive shadow effects.",
      "registryDependencies": [
        "catlife-button",
        "https://registry-starter.vercel.app/r/theme.json"
      ],
      "files": [
        {
          "path": "src/layouts/minimal-layout.tsx",
          "type": "registry:file",
          "target": "app/layout.tsx"
        }
      ]
    },
    {
      "name": "catlife-card",
      "type": "registry:ui",
      "title": "Catlife Card",
      "description": "A custom card component with Catlife styling and rounded corners.",
      "registryDependencies": [
        "catlife-card",
        "https://registry-starter.vercel.app/r/theme.json"
      ],
      "files": [
        {
          "path": "src/layouts/minimal-layout.tsx",
          "type": "registry:file",
          "target": "app/layout.tsx"
        }
      ]
    },
    {
      "name": "catlife-carousel",
      "type": "registry:ui",
      "title": "Catlife Carousel",
      "description": "An interactive carousel component with smooth animations and pagination dots.",
      "registryDependencies": [
        "catlife-carousel",
        "https://registry-starter.vercel.app/r/theme.json"
      ],
      "files": [
        {
          "path": "src/layouts/minimal-layout.tsx",
          "type": "registry:file",
          "target": "app/layout.tsx"
        }
      ]
    },
    {
      "name": "pill-container",
      "type": "registry:ui",
      "title": "Pill Container",
      "description": "A glassmorphism-style container with rounded pill shape for floating UI elements.",
      "registryDependencies": [
        "pill-container",
        "https://registry-starter.vercel.app/r/theme.json"
      ],
      "files": [
        {
          "path": "src/layouts/minimal-layout.tsx",
          "type": "registry:file",
          "target": "app/layout.tsx"
        }
      ]
    }
  ]
}
